Month/Year,Date,Day,tide_date,tide1_time,tide1_height_m,tide1_type,tide2_time,tide2_height_m,tide2_type,tide3_time,tide3_height_m,tide3_type,tide4_time,tide4_height_m,tide4_type,tide_coefficient,tide_coefficient_label,day_tide_max_m,day_tide_min_m,day_tide_mean_m
Apr 2025,1,Tue,2025-04-01,0:16,5.6,high,7:29,0.9,low,13:04,5.8,high,20:02,1.6,low,90.0,Very High,5.8,0.9,3.475
Apr 2025,2,Wed,2025-04-02,0:54,5.4,high,8:10,1.0,low,13:50,5.6,high,20:48,1.7,low,72.0,High,5.6,1.0,3.425
Apr 2025,3,Thu,2025-04-03,1:35,5.2,high,8:55,1.2,low,14:41,5.3,high,21:44,1.9,low,55.0,Average,5.3,1.2,3.4
Apr 2025,4,Fri,2025-04-04,2:20,4.9,high,9:47,1.4,low,15:41,5.1,high,23:02,2.0,low,40.0,Low,5.1,1.4,3.35
Apr 2025,5,Sat,2025-04-05,3:15,4.6,high,10:58,1.6,low,17:03,4.9,high,,,,35.0,Low,4.9,1.6,3.6999999999999997
Apr 2025,6,Sun,2025-04-06,0:56,2.1,low,4:43,4.4,high,12:39,1.7,low,18:48,4.8,high,41.0,Low,4.8,1.7,3.25
Apr 2025,7,Mon,2025-04-07,2:36,2.0,low,6:57,4.4,high,14:15,1.7,low,20:04,5.0,high,51.0,Average,5.0,1.7,3.275
Apr 2025,8,Tue,2025-04-08,3:39,1.8,low,8:25,4.6,high,15:25,1.7,low,20:52,5.1,high,62.0,Average,5.1,1.7,3.3
Apr 2025,9,Wed,2025-04-09,4:20,1.7,low,9:16,4.8,high,16:15,1.7,low,21:28,5.2,high,72.0,High,5.2,1.7,3.3499999999999996
Apr 2025,10,Thu,2025-04-10,4:50,1.5,low,9:54,5.1,high,16:54,1.6,low,21:58,5.2,high,79.0,High,5.2,1.5,3.3499999999999996
Apr 2025,11,Fri,2025-04-11,5:16,1.4,low,10:27,5.2,high,17:26,1.6,low,22:25,5.3,high,83.0,High,5.3,1.4,3.375
Apr 2025,12,Sat,2025-04-12,5:39,1.4,low,10:57,5.3,high,17:55,1.6,low,22:50,5.3,high,85.0,High,5.3,1.4,3.3999999999999995
Apr 2025,13,Sun,2025-04-13,6:00,1.3,low,11:26,5.4,high,18:22,1.6,low,23:16,5.2,high,84.0,High,5.4,1.3,3.375
Apr 2025,14,Mon,2025-04-14,6:22,1.3,low,11:54,5.5,high,18:49,1.7,low,23:41,5.2,high,80.0,High,5.5,1.3,3.425
Apr 2025,15,Tue,2025-04-15,6:45,1.2,low,12:23,5.5,high,19:15,1.7,low,,,,75.0,High,5.5,1.2,2.8000000000000003
Apr 2025,16,Wed,2025-04-16,0:06,5.1,high,7:09,1.3,low,12:54,5.4,high,19:43,1.8,low,67.0,Average,5.4,1.3,3.4000000000000004
Apr 2025,17,Thu,2025-04-17,0:31,5.0,high,7:36,1.3,low,13:27,5.3,high,20:13,1.9,low,57.0,Average,5.3,1.3,3.375
Apr 2025,18,Fri,2025-04-18,0:59,4.9,high,8:05,1.4,low,14:04,5.2,high,20:49,2.0,low,47.0,Low,5.2,1.4,3.375
Apr 2025,19,Sat,2025-04-19,1:30,4.8,high,8:41,1.5,low,14:48,5.1,high,21:40,2.0,low,38.0,Low,5.1,1.5,3.3499999999999996
Apr 2025,20,Sun,2025-04-20,2:11,4.6,high,9:28,1.6,low,15:45,4.9,high,23:05,2.1,low,34.0,Low,4.9,1.6,3.3
Apr 2025,21,Mon,2025-04-21,3:14,4.5,high,10:41,1.7,low,17:00,4.9,high,,,,37.0,Low,4.9,1.7,3.7000000000000006
Apr 2025,22,Tue,2025-04-22,0:52,2.0,low,4:56,4.4,high,12:24,1.8,low,18:22,4.9,high,49.0,Low,4.9,1.8,3.2750000000000004
Apr 2025,23,Wed,2025-04-23,2:06,1.9,low,6:50,4.5,high,13:54,1.7,low,19:28,5.1,high,65.0,Average,5.1,1.7,3.3
Apr 2025,24,Thu,2025-04-24,2:57,1.6,low,8:07,4.8,high,15:03,1.7,low,20:20,5.2,high,82.0,High,5.2,1.6,3.325
Apr 2025,25,Fri,2025-04-25,3:41,1.4,low,9:03,5.2,high,15:59,1.6,low,21:05,5.3,high,96.0,Very High,5.3,1.4,3.375
Apr 2025,26,Sat,2025-04-26,4:22,1.2,low,9:51,5.6,high,16:49,1.5,low,21:47,5.4,high,105.0,Very High,5.6,1.2,3.4250000000000003
Apr 2025,27,Sun,2025-04-27,5:02,1.0,low,10:37,5.8,high,17:36,1.5,low,22:29,5.5,high,109.0,Very High,5.8,1.0,3.45
Apr 2025,28,Mon,2025-04-28,5:42,0.9,low,11:21,5.9,high,18:21,1.5,low,23:10,5.5,high,105.0,Very High,5.9,0.9,3.45
Apr 2025,29,Tue,2025-04-29,6:23,0.9,low,12:05,5.9,high,19:06,1.6,low,23:51,5.4,high,96.0,Very High,5.9,0.9,3.45
Apr 2025,30,Wed,2025-04-30,7:05,0.9,low,12:50,5.9,high,19:54,1.7,low,,,,83.0,High,5.9,0.9,2.8333333333333335
May 2025,1,Thu,2025-05-01,0:34,5.3,high,7:49,1.1,low,13:37,5.6,high,20:46,1.8,low,68.0,Average,5.6,1.1,3.45
May 2025,2,Fri,2025-05-02,1:20,5.1,high,8:35,1.2,low,14:27,5.4,high,21:49,1.9,low,54.0,Average,5.4,1.2,3.4
May 2025,3,Sat,2025-05-03,2:10,4.8,high,9:30,1.4,low,15:24,5.2,high,23:08,1.9,low,44.0,Low,5.2,1.4,3.3249999999999997
May 2025,4,Sun,2025-05-04,3:13,4.5,high,10:39,1.6,low,16:32,5.1,high,,,,41.0,Low,5.1,1.6,3.733333333333333
May 2025,5,Mon,2025-05-05,0:37,1.9,low,4:44,4.4,high,12:08,1.8,low,17:52,4.9,high,44.0,Low,4.9,1.8,3.2500000000000004
May 2025,6,Tue,2025-05-06,1:53,1.8,low,6:40,4.5,high,13:35,1.9,low,19:03,4.9,high,51.0,Average,4.9,1.8,3.275
May 2025,7,Wed,2025-05-07,2:49,1.7,low,8:01,4.6,high,14:45,1.9,low,19:56,5.0,high,58.0,Average,5.0,1.7,3.3
May 2025,8,Thu,2025-05-08,3:30,1.6,low,8:52,4.8,high,15:39,1.8,low,20:36,5.0,high,65.0,Average,5.0,1.6,3.3000000000000003
May 2025,9,Fri,2025-05-09,4:02,1.5,low,9:30,5.1,high,16:21,1.8,low,21:10,5.0,high,71.0,High,5.1,1.5,3.35
May 2025,10,Sat,2025-05-10,4:30,1.4,low,10:03,5.2,high,16:58,1.8,low,21:41,5.1,high,74.0,High,5.2,1.4,3.375
May 2025,11,Sun,2025-05-11,4:56,1.3,low,10:34,5.3,high,17:30,1.8,low,22:11,5.1,high,76.0,High,5.3,1.3,3.375
May 2025,12,Mon,2025-05-12,5:21,1.3,low,11:04,5.4,high,18:00,1.8,low,22:39,5.0,high,76.0,High,5.4,1.3,3.375
May 2025,13,Tue,2025-05-13,5:47,1.2,low,11:34,5.5,high,18:30,1.8,low,23:09,5.0,high,74.0,High,5.5,1.2,3.375
May 2025,14,Wed,2025-05-14,6:13,1.2,low,12:05,5.5,high,19:01,1.8,low,23:38,4.9,high,71.0,High,5.5,1.2,3.35
May 2025,15,Thu,2025-05-15,6:42,1.2,low,12:38,5.5,high,19:33,1.9,low,,,,66.0,Average,5.5,1.2,2.8666666666666667
May 2025,16,Fri,2025-05-16,0:09,4.8,high,7:12,1.3,low,13:13,5.4,high,20:10,1.9,low,59.0,Average,5.4,1.3,3.35
May 2025,17,Sat,2025-05-17,0:43,4.8,high,7:46,1.3,low,13:52,5.3,high,20:54,1.9,low,52.0,Average,5.3,1.3,3.3249999999999997
May 2025,18,Sun,2025-05-18,1:24,4.7,high,8:25,1.4,low,14:35,5.3,high,21:50,1.9,low,47.0,Low,5.3,1.4,3.3249999999999997
May 2025,19,Mon,2025-05-19,2:15,4.6,high,9:16,1.6,low,15:24,5.1,high,23:01,1.9,low,45.0,Low,5.1,1.6,3.3
May 2025,20,Tue,2025-05-20,3:23,4.5,high,10:23,1.7,low,16:21,5.1,high,,,,48.0,Low,5.1,1.7,3.766666666666667
May 2025,21,Wed,2025-05-21,0:13,1.8,low,4:50,4.5,high,11:50,1.8,low,17:24,5.1,high,57.0,Average,5.1,1.8,3.3
May 2025,22,Thu,2025-05-22,1:16,1.6,low,6:24,4.7,high,13:16,1.8,low,18:28,5.1,high,68.0,Average,5.1,1.6,3.3000000000000003
May 2025,23,Fri,2025-05-23,2:11,1.5,low,7:41,5.0,high,14:29,1.8,low,19:28,5.1,high,79.0,High,5.1,1.5,3.35
May 2025,24,Sat,2025-05-24,3:00,1.3,low,8:41,5.3,high,15:32,1.8,low,20:22,5.2,high,88.0,High,5.3,1.3,3.4000000000000004
May 2025,25,Sun,2025-05-25,3:47,1.1,low,9:34,5.6,high,16:28,1.7,low,21:12,5.3,high,94.0,Very High,5.6,1.1,3.425
May 2025,26,Mon,2025-05-26,4:33,1.0,low,10:22,5.8,high,17:20,1.7,low,22:00,5.3,high,96.0,Very High,5.8,1.0,3.45
May 2025,27,Tue,2025-05-27,5:18,0.9,low,11:08,5.9,high,18:10,1.7,low,22:48,5.3,high,93.0,Very High,5.9,0.9,3.45
May 2025,28,Wed,2025-05-28,6:03,0.9,low,11:54,5.9,high,19:00,1.7,low,23:34,5.2,high,87.0,High,5.9,0.9,3.425
May 2025,29,Thu,2025-05-29,6:48,1.0,low,12:39,5.8,high,19:51,1.7,low,,,,79.0,High,5.8,1.0,2.8333333333333335
May 2025,30,Fri,2025-05-30,0:22,5.1,high,7:34,1.1,low,13:25,5.7,high,20:46,1.8,low,69.0,Average,5.7,1.1,3.425
May 2025,31,Sat,2025-05-31,1:11,4.9,high,8:22,1.3,low,14:12,5.5,high,21:45,1.8,low,60.0,Average,5.5,1.3,3.375
Jun 2025,1,Sun,2025-06-01,2:04,4.8,high,9:14,1.5,low,15:00,5.3,high,22:49,1.8,low,52.0,Average,5.3,1.5,3.35
Jun 2025,2,Mon,2025-06-02,3:05,4.6,high,10:12,1.7,low,15:52,5.1,high,23:53,1.8,low,48.0,Low,5.1,1.7,3.3
Jun 2025,3,Tue,2025-06-03,4:19,4.5,high,11:20,1.8,low,16:46,5.0,high,,,,46.0,Low,5.0,1.8,3.766666666666667
Jun 2025,4,Wed,2025-06-04,0:54,1.7,low,5:49,4.5,high,12:35,1.9,low,17:44,4.9,high,48.0,Low,4.9,1.7,3.25
Jun 2025,5,Thu,2025-06-05,1:46,1.6,low,7:13,4.6,high,13:46,2.0,low,18:40,4.8,high,51.0,Average,4.8,1.6,3.25
Jun 2025,6,Fri,2025-06-06,2:30,1.6,low,8:14,4.8,high,14:49,2.0,low,19:31,4.8,high,55.0,Average,4.8,1.6,3.3
Jun 2025,7,Sat,2025-06-07,3:08,1.5,low,8:59,5.0,high,15:43,2.0,low,20:15,4.8,high,59.0,Average,5.0,1.5,3.325
Jun 2025,8,Sun,2025-06-08,3:43,1.4,low,9:38,5.1,high,16:28,2.0,low,20:55,4.8,high,63.0,Average,5.1,1.4,3.325
Jun 2025,9,Mon,2025-06-09,4:16,1.3,low,10:12,5.3,high,17:07,1.9,low,21:33,4.8,high,67.0,Average,5.3,1.3,3.325
Jun 2025,10,Tue,2025-06-10,4:48,1.3,low,10:46,5.3,high,17:44,1.9,low,22:09,4.8,high,69.0,Average,5.3,1.3,3.325
Jun 2025,11,Wed,2025-06-11,5:20,1.3,low,11:19,5.4,high,18:19,1.9,low,22:45,4.8,high,71.0,High,5.4,1.3,3.3499999999999996
Jun 2025,12,Thu,2025-06-12,5:52,1.2,low,11:52,5.5,high,18:55,1.9,low,23:21,4.8,high,71.0,High,5.5,1.2,3.3499999999999996
Jun 2025,13,Fri,2025-06-13,6:26,1.2,low,12:26,5.5,high,19:31,1.9,low,23:58,4.8,high,69.0,Average,5.5,1.2,3.3499999999999996
Jun 2025,14,Sat,2025-06-14,7:01,1.3,low,13:01,5.5,high,20:10,1.8,low,,,,67.0,Average,5.5,1.3,2.8666666666666667
Jun 2025,15,Sun,2025-06-15,0:39,4.8,high,7:38,1.3,low,13:38,5.5,high,20:53,1.8,low,64.0,Average,5.5,1.3,3.35
Jun 2025,16,Mon,2025-06-16,1:25,4.8,high,8:20,1.4,low,14:17,5.4,high,21:41,1.7,low,61.0,Average,5.4,1.4,3.3249999999999997
Jun 2025,17,Tue,2025-06-17,2:18,4.7,high,9:09,1.5,low,14:59,5.3,high,22:34,1.7,low,59.0,Average,5.3,1.5,3.3
Jun 2025,18,Wed,2025-06-18,3:20,4.7,high,10:08,1.7,low,15:45,5.3,high,23:32,1.6,low,59.0,Average,5.3,1.6,3.3249999999999997
Jun 2025,19,Thu,2025-06-19,4:33,4.7,high,11:20,1.8,low,16:37,5.1,high,,,,61.0,Average,5.1,1.8,3.8666666666666667
Jun 2025,20,Fri,2025-06-20,0:31,1.5,low,5:55,4.8,high,12:40,1.9,low,17:36,5.1,high,65.0,Average,5.1,1.5,3.3249999999999997
Jun 2025,21,Sat,2025-06-21,1:29,1.3,low,7:15,5.0,high,13:59,1.9,low,18:40,5.0,high,70.0,High,5.0,1.3,3.3
Jun 2025,22,Sun,2025-06-22,2:26,1.2,low,8:23,5.2,high,15:11,1.9,low,19:45,5.0,high,75.0,High,5.2,1.2,3.325
Jun 2025,23,Mon,2025-06-23,3:21,1.1,low,9:21,5.4,high,16:16,1.9,low,20:46,5.1,high,80.0,High,5.4,1.1,3.375
Jun 2025,24,Tue,2025-06-24,4:14,1.0,low,10:13,5.6,high,17:15,1.8,low,21:43,5.1,high,84.0,High,5.6,1.0,3.375
Jun 2025,25,Wed,2025-06-25,5:04,1.0,low,11:00,5.7,high,18:08,1.8,low,22:36,5.1,high,86.0,High,5.7,1.0,3.4
Jun 2025,26,Thu,2025-06-26,5:53,1.0,low,11:45,5.8,high,18:58,1.7,low,23:26,5.1,high,85.0,High,5.8,1.0,3.4
Jun 2025,27,Fri,2025-06-27,6:39,1.1,low,12:28,5.8,high,19:47,1.7,low,,,,81.0,High,5.8,1.1,2.8666666666666667
Jun 2025,28,Sat,2025-06-28,0:14,5.0,high,7:24,1.2,low,13:08,5.7,high,20:34,1.7,low,76.0,High,5.7,1.2,3.4
Jun 2025,29,Sun,2025-06-29,1:02,4.9,high,8:08,1.3,low,13:48,5.6,high,21:20,1.7,low,69.0,Average,5.6,1.3,3.375
Jun 2025,30,Mon,2025-06-30,1:51,4.8,high,8:51,1.5,low,14:27,5.4,high,22:07,1.6,low,61.0,Average,5.4,1.5,3.3249999999999997
Jul 2025,1,Tue,2025-07-01,2:42,4.7,high,9:36,1.6,low,15:05,5.2,high,22:54,1.6,low,54.0,Average,5.2,1.6,3.275
Jul 2025,2,Wed,2025-07-02,3:38,4.6,high,10:25,1.8,low,15:44,5.1,high,23:42,1.6,low,48.0,Low,5.1,1.6,3.275
Jul 2025,3,Thu,2025-07-03,4:43,4.5,high,11:24,2.0,low,16:25,4.9,high,,,,44.0,Low,4.9,2.0,3.8000000000000003
Jul 2025,4,Fri,2025-07-04,0:32,1.6,low,6:01,4.5,high,12:33,2.1,low,17:13,4.8,high,42.0,Low,4.8,1.6,3.25
Jul 2025,5,Sat,2025-07-05,1:21,1.6,low,7:21,4.7,high,13:49,2.1,low,18:10,4.6,high,44.0,Low,4.7,1.6,3.25
Jul 2025,6,Sun,2025-07-06,2:11,1.5,low,8:25,4.8,high,15:01,2.1,low,19:13,4.6,high,48.0,Low,4.8,1.5,3.25
Jul 2025,7,Mon,2025-07-07,2:58,1.5,low,9:13,5.0,high,16:02,2.1,low,20:12,4.6,high,54.0,Average,5.0,1.5,3.3
Jul 2025,8,Tue,2025-07-08,3:42,1.4,low,9:53,5.1,high,16:51,2.0,low,21:03,4.6,high,60.0,Average,5.1,1.4,3.275
Jul 2025,9,Wed,2025-07-09,4:23,1.3,low,10:30,5.3,high,17:33,2.0,low,21:49,4.7,high,67.0,Average,5.3,1.3,3.325
Jul 2025,10,Thu,2025-07-10,5:02,1.3,low,11:03,5.4,high,18:10,1.9,low,22:31,4.8,high,72.0,High,5.4,1.3,3.3499999999999996
Jul 2025,11,Fri,2025-07-11,5:40,1.2,low,11:37,5.5,high,18:45,1.8,low,23:12,4.8,high,77.0,High,5.5,1.2,3.325
Jul 2025,12,Sat,2025-07-12,6:17,1.2,low,12:10,5.6,high,19:20,1.7,low,23:53,4.9,high,79.0,High,5.6,1.2,3.35
Jul 2025,13,Sun,2025-07-13,6:54,1.2,low,12:42,5.6,high,19:55,1.6,low,,,,80.0,High,5.6,1.2,2.8000000000000003
Jul 2025,14,Mon,2025-07-14,0:36,5.0,high,7:33,1.3,low,13:16,5.6,high,20:33,1.6,low,79.0,High,5.6,1.3,3.3749999999999996
Jul 2025,15,Tue,2025-07-15,1:21,5.0,high,8:14,1.4,low,13:52,5.6,high,21:13,1.5,low,76.0,High,5.6,1.4,3.375
Jul 2025,16,Wed,2025-07-16,2:11,5.0,high,8:59,1.5,low,14:29,5.4,high,21:59,1.4,low,71.0,High,5.4,1.4,3.325
Jul 2025,17,Thu,2025-07-17,3:06,4.9,high,9:50,1.7,low,15:10,5.3,high,22:50,1.4,low,64.0,Average,5.3,1.4,3.325
Jul 2025,18,Fri,2025-07-18,4:10,4.9,high,10:52,1.8,low,15:56,5.1,high,23:48,1.4,low,59.0,Average,5.1,1.4,3.3000000000000003
Jul 2025,19,Sat,2025-07-19,5:26,4.9,high,12:10,2.0,low,16:53,5.0,high,,,,55.0,Average,5.0,2.0,3.966666666666667
Jul 2025,20,Sun,2025-07-20,0:54,1.3,low,6:53,5.0,high,13:40,2.1,low,18:04,4.8,high,57.0,Average,5.0,1.3,3.3
Jul 2025,21,Mon,2025-07-21,2:02,1.3,low,8:13,5.1,high,15:07,2.0,low,19:25,4.8,high,63.0,Average,5.1,1.3,3.3
Jul 2025,22,Tue,2025-07-22,3:08,1.2,low,9:16,5.3,high,16:20,2.0,low,20:39,4.8,high,71.0,High,5.3,1.2,3.325
Jul 2025,23,Wed,2025-07-23,4:08,1.2,low,10:08,5.5,high,17:19,1.8,low,21:41,4.9,high,79.0,High,5.5,1.2,3.35
Jul 2025,24,Thu,2025-07-24,5:01,1.1,low,10:52,5.6,high,18:07,1.7,low,22:34,5.0,high,84.0,High,5.6,1.1,3.3499999999999996
Jul 2025,25,Fri,2025-07-25,5:49,1.1,low,11:32,5.6,high,18:50,1.6,low,23:21,5.1,high,87.0,High,5.6,1.1,3.3499999999999996
Jul 2025,26,Sat,2025-07-26,6:32,1.2,low,12:09,5.7,high,19:29,1.6,low,,,,87.0,High,5.7,1.2,2.8333333333333335
Jul 2025,27,Sun,2025-07-27,0:05,5.1,high,7:11,1.2,low,12:43,5.6,high,20:05,1.5,low,83.0,High,5.6,1.2,3.3499999999999996
Jul 2025,28,Mon,2025-07-28,0:47,5.1,high,7:47,1.4,low,13:16,5.6,high,20:40,1.5,low,77.0,High,5.6,1.4,3.4
Jul 2025,29,Tue,2025-07-29,1:28,5.0,high,8:23,1.5,low,13:47,5.4,high,21:14,1.5,low,68.0,Average,5.4,1.5,3.35
Jul 2025,30,Wed,2025-07-30,2:09,4.9,high,8:57,1.6,low,14:17,5.2,high,21:48,1.5,low,59.0,Average,5.2,1.5,3.3
Jul 2025,31,Thu,2025-07-31,2:52,4.8,high,9:34,1.8,low,14:47,5.1,high,22:26,1.6,low,49.0,Low,5.1,1.6,3.3249999999999997
Aug 2025,1,Fri,2025-08-01,3:41,4.7,high,10:16,1.9,low,15:18,4.8,high,23:10,1.6,low,40.0,Low,4.8,1.6,3.2499999999999996
Aug 2025,2,Sat,2025-08-02,4:41,4.6,high,11:14,2.1,low,15:54,4.7,high,,,,34.0,Low,4.7,2.1,3.7999999999999994
Aug 2025,3,Sun,2025-08-03,0:04,1.6,low,6:07,4.5,high,12:41,2.2,low,16:43,4.5,high,34.0,Low,4.5,1.6,3.2
Aug 2025,4,Mon,2025-08-04,1:09,1.6,low,7:44,4.7,high,14:24,2.2,low,18:04,4.5,high,39.0,Low,4.7,1.6,3.25
Aug 2025,5,Tue,2025-08-05,2:16,1.6,low,8:49,4.8,high,15:45,2.1,low,19:38,4.5,high,48.0,Low,4.8,1.6,3.25
Aug 2025,6,Wed,2025-08-06,3:15,1.5,low,9:33,5.1,high,16:38,2.0,low,20:45,4.5,high,59.0,Average,5.1,1.5,3.275
Aug 2025,7,Thu,2025-08-07,4:05,1.4,low,10:08,5.2,high,17:16,1.9,low,21:37,4.7,high,70.0,High,5.2,1.4,3.3
Aug 2025,8,Fri,2025-08-08,4:48,1.3,low,10:41,5.4,high,17:49,1.8,low,22:21,4.9,high,80.0,High,5.4,1.3,3.35
Aug 2025,9,Sat,2025-08-09,5:28,1.2,low,11:12,5.6,high,18:20,1.6,low,23:03,5.1,high,88.0,High,5.6,1.2,3.375
Aug 2025,10,Sun,2025-08-10,6:05,1.2,low,11:43,5.6,high,18:53,1.5,low,23:44,5.2,high,94.0,Very High,5.6,1.2,3.375
Aug 2025,11,Mon,2025-08-11,6:43,1.2,low,12:15,5.7,high,19:26,1.4,low,,,,96.0,Very High,5.7,1.2,2.766666666666667
Aug 2025,12,Tue,2025-08-12,0:26,5.3,high,7:22,1.3,low,12:48,5.6,high,20:01,1.3,low,93.0,Very High,5.6,1.3,3.375
Aug 2025,13,Wed,2025-08-13,1:09,5.3,high,8:02,1.4,low,13:22,5.6,high,20:39,1.2,low,86.0,High,5.6,1.2,3.3749999999999996
Aug 2025,14,Thu,2025-08-14,1:56,5.3,high,8:44,1.5,low,13:58,5.4,high,21:22,1.2,low,75.0,High,5.4,1.2,3.3499999999999996
Aug 2025,15,Fri,2025-08-15,2:47,5.2,high,9:32,1.7,low,14:37,5.2,high,22:11,1.3,low,62.0,Average,5.2,1.3,3.3500000000000005
Aug 2025,16,Sat,2025-08-16,3:46,5.1,high,10:31,1.9,low,15:22,5.0,high,23:12,1.4,low,50.0,Average,5.1,1.4,3.35
Aug 2025,17,Sun,2025-08-17,5:02,4.9,high,11:54,2.1,low,16:21,4.8,high,,,,44.0,Low,4.9,2.1,3.9333333333333336
Aug 2025,18,Mon,2025-08-18,0:28,1.4,low,6:40,4.9,high,13:45,2.1,low,17:47,4.6,high,48.0,Low,4.9,1.4,3.25
Aug 2025,19,Tue,2025-08-19,1:52,1.4,low,8:11,5.0,high,15:23,2.0,low,19:30,4.6,high,58.0,Average,5.0,1.4,3.25
Aug 2025,20,Wed,2025-08-20,3:09,1.4,low,9:13,5.2,high,16:29,1.9,low,20:49,4.7,high,69.0,Average,5.2,1.4,3.3
Aug 2025,21,Thu,2025-08-21,4:11,1.3,low,9:58,5.3,high,17:17,1.7,low,21:46,4.9,high,80.0,High,5.3,1.3,3.3
Aug 2025,22,Fri,2025-08-22,5:01,1.3,low,10:37,5.5,high,17:55,1.6,low,22:33,5.1,high,87.0,High,5.5,1.3,3.375
Aug 2025,23,Sat,2025-08-23,5:42,1.3,low,11:10,5.6,high,18:28,1.5,low,23:13,5.1,high,91.0,Very High,5.6,1.3,3.3749999999999996
Aug 2025,24,Sun,2025-08-24,6:19,1.3,low,11:42,5.6,high,18:58,1.4,low,23:51,5.2,high,91.0,Very High,5.6,1.3,3.375
Aug 2025,25,Mon,2025-08-25,6:52,1.3,low,12:10,5.6,high,19:25,1.4,low,,,,88.0,High,5.6,1.3,2.766666666666666
Aug 2025,26,Tue,2025-08-26,0:26,5.2,high,7:22,1.4,low,12:38,5.4,high,19:52,1.4,low,81.0,High,5.4,1.4,3.35
Aug 2025,27,Wed,2025-08-27,1:00,5.2,high,7:52,1.5,low,13:05,5.3,high,20:18,1.4,low,72.0,High,5.3,1.4,3.35
Aug 2025,28,Thu,2025-08-28,1:34,5.1,high,8:21,1.6,low,13:30,5.1,high,20:45,1.4,low,61.0,Average,5.1,1.4,3.3
Aug 2025,29,Fri,2025-08-29,2:10,5.0,high,8:51,1.8,low,13:56,5.0,high,21:15,1.5,low,49.0,Low,5.0,1.5,3.325
Aug 2025,30,Sat,2025-08-30,2:49,4.8,high,9:24,1.9,low,14:22,4.8,high,21:52,1.6,low,38.0,Low,4.8,1.6,3.275
Aug 2025,31,Sun,2025-08-31,3:38,4.7,high,10:08,2.1,low,14:52,4.6,high,22:42,1.6,low,29.0,Low,4.7,1.6,3.25
Sep 2025,1,Mon,2025-09-01,4:50,4.5,high,11:34,2.2,low,15:35,4.5,high,,,,28.0,Low,4.5,2.2,3.733333333333333
Sep 2025,2,Tue,2025-09-02,0:01,1.7,low,6:46,4.6,high,13:59,2.2,low,17:06,4.3,high,35.0,Low,4.6,1.7,3.2
Sep 2025,3,Wed,2025-09-03,1:35,1.7,low,8:14,4.8,high,15:26,2.1,low,19:18,4.3,high,47.0,Low,4.8,1.7,3.2249999999999996
Sep 2025,4,Thu,2025-09-04,2:49,1.6,low,9:00,5.0,high,16:11,1.9,low,20:33,4.5,high,62.0,Average,5.0,1.6,3.25
Sep 2025,5,Fri,2025-09-05,3:44,1.5,low,9:34,5.2,high,16:44,1.8,low,21:24,4.8,high,77.0,High,5.2,1.5,3.325
Sep 2025,6,Sat,2025-09-06,4:29,1.4,low,10:07,5.3,high,17:15,1.6,low,22:07,5.1,high,90.0,Very High,5.3,1.4,3.3499999999999996
Sep 2025,7,Sun,2025-09-07,5:10,1.3,low,10:38,5.5,high,17:46,1.4,low,22:49,5.3,high,101.0,Very High,5.5,1.3,3.375
Sep 2025,8,Mon,2025-09-08,5:49,1.2,low,11:10,5.6,high,18:18,1.2,low,23:29,5.5,high,107.0,Very High,5.6,1.2,3.375
Sep 2025,9,Tue,2025-09-09,6:27,1.2,low,11:43,5.6,high,18:52,1.1,low,,,,106.0,Very High,5.6,1.1,2.6333333333333333
Sep 2025,10,Wed,2025-09-10,0:10,5.6,high,7:07,1.3,low,12:17,5.6,high,19:28,1.0,low,100.0,Very High,5.6,1.0,3.375
Sep 2025,11,Thu,2025-09-11,0:53,5.6,high,7:47,1.4,low,12:52,5.5,high,20:06,1.0,low,88.0,High,5.6,1.0,3.375
Sep 2025,12,Fri,2025-09-12,1:38,5.5,high,8:30,1.6,low,13:29,5.3,high,20:49,1.1,low,71.0,High,5.5,1.1,3.3749999999999996
Sep 2025,13,Sat,2025-09-13,2:28,5.3,high,9:18,1.8,low,14:10,5.1,high,21:38,1.3,low,55.0,Average,5.3,1.3,3.375
Sep 2025,14,Sun,2025-09-14,3:26,5.1,high,10:22,2.0,low,14:59,4.8,high,22:43,1.4,low,42.0,Low,5.1,1.4,3.3249999999999997
Sep 2025,15,Mon,2025-09-15,4:44,4.9,high,12:04,2.1,low,16:07,4.5,high,,,,39.0,Low,4.9,2.1,3.8333333333333335
Sep 2025,16,Tue,2025-09-16,0:13,1.5,low,6:30,4.8,high,14:06,2.0,low,18:00,4.4,high,46.0,Low,4.8,1.5,3.1750000000000003
Sep 2025,17,Wed,2025-09-17,1:53,1.6,low,8:01,5.0,high,15:28,1.9,low,19:51,4.5,high,59.0,Average,5.0,1.6,3.25
Sep 2025,18,Thu,2025-09-18,3:11,1.5,low,8:56,5.1,high,16:20,1.7,low,20:58,4.8,high,71.0,High,5.1,1.5,3.2749999999999995
Sep 2025,19,Fri,2025-09-19,4:08,1.5,low,9:37,5.3,high,16:58,1.6,low,21:46,5.0,high,81.0,High,5.3,1.5,3.35
Sep 2025,20,Sat,2025-09-20,4:52,1.4,low,10:10,5.3,high,17:29,1.4,low,22:25,5.1,high,88.0,High,5.3,1.4,3.3
Sep 2025,21,Sun,2025-09-21,5:28,1.4,low,10:40,5.4,high,17:56,1.4,low,22:59,5.3,high,91.0,Very High,5.4,1.4,3.375
Sep 2025,22,Mon,2025-09-22,6:00,1.4,low,11:08,5.4,high,18:20,1.3,low,23:31,5.3,high,91.0,Very High,5.4,1.3,3.3500000000000005
Sep 2025,23,Tue,2025-09-23,6:29,1.4,low,11:34,5.3,high,18:43,1.3,low,,,,87.0,High,5.3,1.3,2.6666666666666665
Sep 2025,24,Wed,2025-09-24,0:02,5.3,high,6:56,1.5,low,11:59,5.3,high,19:06,1.3,low,80.0,High,5.3,1.3,3.35
Sep 2025,25,Thu,2025-09-25,0:32,5.3,high,7:23,1.6,low,12:24,5.1,high,19:29,1.3,low,72.0,High,5.3,1.3,3.325
Sep 2025,26,Fri,2025-09-26,1:03,5.3,high,7:50,1.7,low,12:48,5.1,high,19:54,1.3,low,61.0,Average,5.3,1.3,3.35
Sep 2025,27,Sat,2025-09-27,1:36,5.1,high,8:18,1.8,low,13:13,4.9,high,20:22,1.4,low,49.0,Low,5.1,1.4,3.3000000000000003
Sep 2025,28,Sun,2025-09-28,2:12,5.0,high,8:50,1.9,low,13:39,4.7,high,20:54,1.5,low,38.0,Low,5.0,1.5,3.2750000000000004
Sep 2025,29,Mon,2025-09-29,2:56,4.8,high,9:33,2.1,low,14:10,4.5,high,21:38,1.6,low,29.0,Low,4.8,1.6,3.25
Sep 2025,30,Tue,2025-09-30,3:58,4.7,high,11:00,2.2,low,14:58,4.4,high,22:53,1.7,low,27.0,Low,4.7,1.7,3.25
Oct 2025,1,Wed,2025-10-01,5:33,4.6,high,13:30,2.1,low,16:42,4.2,high,,,,36.0,Low,4.6,2.1,3.633333333333333
Oct 2025,2,Thu,2025-10-02,0:47,1.7,low,7:11,4.8,high,14:46,2.0,low,19:00,4.3,high,50.0,Average,4.8,1.7,3.2
Oct 2025,3,Fri,2025-10-03,2:14,1.7,low,8:07,4.9,high,15:28,1.8,low,20:15,4.6,high,67.0,Average,4.9,1.7,3.25
Oct 2025,4,Sat,2025-10-04,3:15,1.6,low,8:48,5.1,high,16:03,1.6,low,21:05,5.0,high,83.0,High,5.1,1.6,3.3249999999999997
Oct 2025,5,Sun,2025-10-05,4:03,1.5,low,9:24,5.3,high,16:36,1.4,low,21:49,5.3,high,98.0,Very High,5.3,1.4,3.375
Oct 2025,6,Mon,2025-10-06,4:47,1.4,low,9:59,5.4,high,17:09,1.2,low,22:31,5.6,high,108.0,Very High,5.6,1.2,3.4
Oct 2025,7,Tue,2025-10-07,5:28,1.3,low,10:34,5.6,high,17:44,1.0,low,23:12,5.8,high,111.0,Very High,5.8,1.0,3.425
Oct 2025,8,Wed,2025-10-08,6:09,1.3,low,11:10,5.6,high,18:20,0.9,low,23:54,5.9,high,108.0,Very High,5.9,0.9,3.425
Oct 2025,9,Thu,2025-10-09,6:51,1.4,low,11:47,5.5,high,18:58,0.9,low,,,,98.0,Very High,5.5,0.9,2.6
Oct 2025,10,Fri,2025-10-10,0:37,5.8,high,7:33,1.5,low,12:26,5.3,high,19:39,0.9,low,83.0,High,5.8,0.9,3.375
Oct 2025,11,Sat,2025-10-11,1:23,5.6,high,8:19,1.7,low,13:07,5.1,high,20:23,1.1,low,66.0,Average,5.6,1.1,3.3749999999999996
Oct 2025,12,Sun,2025-10-12,2:13,5.4,high,9:14,1.8,low,13:52,4.9,high,21:15,1.3,low,50.0,Average,5.4,1.3,3.3500000000000005
Oct 2025,13,Mon,2025-10-13,3:11,5.1,high,10:30,1.9,low,14:48,4.6,high,22:23,1.5,low,40.0,Low,5.1,1.5,3.275
Oct 2025,14,Tue,2025-10-14,4:27,5.0,high,12:19,2.0,low,16:12,4.4,high,,,,40.0,Low,5.0,2.0,3.8000000000000003
Oct 2025,15,Wed,2025-10-15,0:01,1.6,low,6:04,4.9,high,13:59,1.9,low,18:19,4.4,high,49.0,Low,4.9,1.6,3.2
Oct 2025,16,Thu,2025-10-16,1:41,1.7,low,7:27,4.9,high,15:06,1.7,low,19:56,4.5,high,60.0,Average,4.9,1.7,3.2
Oct 2025,17,Fri,2025-10-17,2:56,1.7,low,8:21,5.1,high,15:51,1.6,low,20:53,4.8,high,70.0,High,5.1,1.6,3.3
Oct 2025,18,Sat,2025-10-18,3:51,1.6,low,9:01,5.1,high,16:25,1.4,low,21:35,5.1,high,78.0,High,5.1,1.4,3.3
Oct 2025,19,Sun,2025-10-19,4:33,1.6,low,9:34,5.2,high,16:54,1.3,low,22:10,5.2,high,83.0,High,5.2,1.3,3.325
Oct 2025,20,Mon,2025-10-20,5:08,1.6,low,10:03,5.2,high,17:19,1.3,low,22:41,5.3,high,85.0,High,5.3,1.3,3.3500000000000005
Oct 2025,21,Tue,2025-10-21,5:38,1.6,low,10:31,5.2,high,17:41,1.2,low,23:10,5.4,high,85.0,High,5.4,1.2,3.35
Oct 2025,22,Wed,2025-10-22,6:07,1.6,low,10:57,5.1,high,18:04,1.2,low,23:40,5.4,high,82.0,High,5.4,1.2,3.325
Oct 2025,23,Thu,2025-10-23,6:34,1.6,low,11:23,5.1,high,18:27,1.2,low,,,,76.0,High,5.1,1.2,2.6333333333333333
Oct 2025,24,Fri,2025-10-24,0:09,5.4,high,7:01,1.7,low,11:49,5.0,high,18:52,1.2,low,69.0,Average,5.4,1.2,3.325
Oct 2025,25,Sat,2025-10-25,0:40,5.3,high,7:29,1.8,low,12:15,4.9,high,19:18,1.3,low,60.0,Average,5.3,1.3,3.325
Oct 2025,26,Sun,2025-10-26,1:12,5.3,high,8:00,1.8,low,12:42,4.8,high,19:46,1.3,low,51.0,Average,5.3,1.3,3.3
Oct 2025,27,Mon,2025-10-27,1:49,5.1,high,8:36,1.9,low,13:13,4.6,high,20:19,1.4,low,41.0,Low,5.1,1.4,3.25
Oct 2025,28,Tue,2025-10-28,2:32,5.0,high,9:26,2.0,low,13:53,4.5,high,21:02,1.6,low,34.0,Low,5.0,1.6,3.275
Oct 2025,29,Wed,2025-10-29,3:25,4.8,high,10:54,2.1,low,14:53,4.3,high,22:09,1.7,low,33.0,Low,4.8,1.7,3.2249999999999996
Oct 2025,30,Thu,2025-10-30,4:35,4.8,high,12:40,2.0,low,16:33,4.2,high,23:54,1.8,low,41.0,Low,4.8,1.8,3.2
Oct 2025,31,Fri,2025-10-31,5:53,4.8,high,13:49,1.8,low,18:29,4.4,high,,,,54.0,Average,4.8,1.8,3.6666666666666665
Nov 2025,1,Sat,2025-11-01,1:29,1.8,low,7:00,4.9,high,14:36,1.6,low,19:47,4.7,high,69.0,Average,4.9,1.6,3.25
Nov 2025,2,Sun,2025-11-02,2:38,1.7,low,7:52,5.1,high,15:17,1.4,low,20:41,5.1,high,84.0,High,5.1,1.4,3.3249999999999997
Nov 2025,3,Mon,2025-11-03,3:34,1.6,low,8:37,5.2,high,15:56,1.2,low,21:28,5.4,high,97.0,Very High,5.4,1.2,3.35
Nov 2025,4,Tue,2025-11-04,4:23,1.5,low,9:19,5.3,high,16:34,1.0,low,22:12,5.7,high,104.0,Very High,5.7,1.0,3.375
Nov 2025,5,Wed,2025-11-05,5:08,1.5,low,10:00,5.3,high,17:14,0.9,low,22:56,5.9,high,106.0,Very High,5.9,0.9,3.4000000000000004
Nov 2025,6,Thu,2025-11-06,5:53,1.5,low,10:41,5.4,high,17:55,0.8,low,23:40,5.9,high,102.0,Very High,5.9,0.8,3.4000000000000004
Nov 2025,7,Fri,2025-11-07,6:39,1.5,low,11:24,5.3,high,18:36,0.8,low,,,,92.0,Very High,5.3,0.8,2.533333333333333
Nov 2025,8,Sat,2025-11-08,0:25,5.9,high,7:26,1.6,low,12:07,5.2,high,19:20,0.9,low,79.0,High,5.9,0.9,3.4
Nov 2025,9,Sun,2025-11-09,1:11,5.7,high,8:17,1.7,low,12:53,5.1,high,20:07,1.1,low,65.0,Average,5.7,1.1,3.4
Nov 2025,10,Mon,2025-11-10,2:01,5.5,high,9:18,1.8,low,13:45,4.8,high,21:01,1.3,low,53.0,Average,5.5,1.3,3.35
Nov 2025,11,Tue,2025-11-11,2:56,5.3,high,10:35,1.9,low,14:47,4.5,high,22:07,1.5,low,46.0,Low,5.3,1.5,3.3
Nov 2025,12,Wed,2025-11-12,4:00,5.1,high,12:03,1.8,low,16:12,4.4,high,23:34,1.7,low,45.0,Low,5.1,1.7,3.25
Nov 2025,13,Thu,2025-11-13,5:15,4.9,high,13:22,1.7,low,18:04,4.4,high,,,,49.0,Low,4.9,1.7,3.6666666666666665
Nov 2025,14,Fri,2025-11-14,1:05,1.8,low,6:29,4.9,high,14:22,1.6,low,19:36,4.6,high,56.0,Average,4.9,1.6,3.225
Nov 2025,15,Sat,2025-11-15,2:21,1.8,low,7:28,4.9,high,15:08,1.5,low,20:33,4.8,high,62.0,Average,4.9,1.5,3.25
Nov 2025,16,Sun,2025-11-16,3:20,1.8,low,8:13,4.9,high,15:44,1.4,low,21:15,5.0,high,68.0,Average,5.0,1.4,3.275
Nov 2025,17,Mon,2025-11-17,4:06,1.8,low,8:51,4.9,high,16:14,1.3,low,21:50,5.2,high,72.0,High,5.2,1.3,3.3
Nov 2025,18,Tue,2025-11-18,4:45,1.8,low,9:24,5.0,high,16:41,1.3,low,22:22,5.3,high,75.0,High,5.3,1.3,3.3499999999999996
Nov 2025,19,Wed,2025-11-19,5:18,1.8,low,9:55,4.9,high,17:07,1.2,low,22:52,5.3,high,76.0,High,5.3,1.2,3.3
Nov 2025,20,Thu,2025-11-20,5:49,1.8,low,10:25,4.9,high,17:33,1.2,low,23:22,5.4,high,75.0,High,5.4,1.2,3.325
Nov 2025,21,Fri,2025-11-21,6:19,1.8,low,10:55,4.9,high,18:00,1.2,low,23:53,5.4,high,72.0,High,5.4,1.2,3.325
Nov 2025,22,Sat,2025-11-22,6:49,1.8,low,11:24,4.8,high,18:28,1.2,low,,,,68.0,Average,4.8,1.2,2.6
Nov 2025,23,Sun,2025-11-23,0:25,5.4,high,7:21,1.8,low,11:55,4.8,high,18:57,1.2,low,62.0,Average,5.4,1.2,3.3
Nov 2025,24,Mon,2025-11-24,0:59,5.3,high,7:56,1.9,low,12:28,4.7,high,19:29,1.3,low,56.0,Average,5.3,1.3,3.3
Nov 2025,25,Tue,2025-11-25,1:35,5.3,high,8:37,1.9,low,13:06,4.6,high,20:05,1.4,low,50.0,Average,5.3,1.4,3.3
Nov 2025,26,Wed,2025-11-26,2:14,5.2,high,9:28,1.9,low,13:53,4.5,high,20:48,1.5,low,45.0,Low,5.2,1.5,3.275
Nov 2025,27,Thu,2025-11-27,2:59,5.1,high,10:32,1.9,low,14:55,4.5,high,21:47,1.7,low,44.0,Low,5.1,1.7,3.3
Nov 2025,28,Fri,2025-11-28,3:49,5.1,high,11:42,1.8,low,16:15,4.4,high,23:07,1.8,low,48.0,Low,5.1,1.8,3.2750000000000004
Nov 2025,29,Sat,2025-11-29,4:47,5.0,high,12:46,1.7,low,17:49,4.5,high,,,,56.0,Average,5.0,1.7,3.733333333333333
Nov 2025,30,Sun,2025-11-30,0:37,1.8,low,5:50,5.0,high,13:42,1.5,low,19:11,4.8,high,67.0,Average,5.0,1.5,3.2750000000000004
Dec 2025,1,Mon,2025-12-01,1:56,1.8,low,6:52,5.0,high,14:32,1.3,low,20:16,5.1,high,77.0,High,5.1,1.3,3.3
Dec 2025,2,Tue,2025-12-02,3:03,1.8,low,7:50,5.1,high,15:19,1.1,low,21:09,5.4,high,86.0,High,5.4,1.1,3.35
Dec 2025,3,Wed,2025-12-03,4:01,1.7,low,8:42,5.1,high,16:06,1.0,low,21:58,5.6,high,93.0,Very High,5.6,1.0,3.3499999999999996
Dec 2025,4,Thu,2025-12-04,4:54,1.7,low,9:33,5.2,high,16:52,0.9,low,22:45,5.8,high,95.0,Very High,5.8,0.9,3.4000000000000004
Dec 2025,5,Fri,2025-12-05,5:45,1.7,low,10:22,5.2,high,17:38,0.8,low,23:30,5.9,high,94.0,Very High,5.9,0.8,3.4000000000000004
Dec 2025,6,Sat,2025-12-06,6:34,1.6,low,11:10,5.2,high,18:24,0.9,low,,,,89.0,High,5.2,0.9,2.566666666666667
Dec 2025,7,Sun,2025-12-07,0:16,5.9,high,7:25,1.7,low,11:58,5.1,high,19:11,1.0,low,82.0,High,5.9,1.0,3.425
Dec 2025,8,Mon,2025-12-08,1:01,5.8,high,8:18,1.7,low,12:48,5.0,high,19:59,1.1,low,72.0,High,5.8,1.1,3.4
Dec 2025,9,Tue,2025-12-09,1:48,5.6,high,9:14,1.7,low,13:41,4.8,high,20:49,1.3,low,63.0,Average,5.6,1.3,3.35
Dec 2025,10,Wed,2025-12-10,2:34,5.4,high,10:15,1.7,low,14:40,4.6,high,21:45,1.6,low,55.0,Average,5.4,1.6,3.3249999999999997
Dec 2025,11,Thu,2025-12-11,3:23,5.2,high,11:20,1.7,low,15:49,4.5,high,22:50,1.7,low,50.0,Average,5.2,1.7,3.275
Dec 2025,12,Fri,2025-12-12,4:16,5.1,high,12:23,1.7,low,17:15,4.5,high,,,,47.0,Low,5.1,1.7,3.766666666666667
Dec 2025,13,Sat,2025-12-13,0:05,1.9,low,5:12,4.9,high,13:21,1.6,low,18:48,4.5,high,48.0,Low,4.9,1.6,3.225
Dec 2025,14,Sun,2025-12-14,1:23,2.0,low,6:12,4.8,high,14:11,1.5,low,19:59,4.7,high,50.0,Average,4.8,1.5,3.25
Dec 2025,15,Mon,2025-12-15,2:34,2.0,low,7:10,4.7,high,14:54,1.5,low,20:50,4.9,high,54.0,Average,4.9,1.5,3.275
Dec 2025,16,Tue,2025-12-16,3:34,2.0,low,8:00,4.7,high,15:33,1.4,low,21:30,5.1,high,58.0,Average,5.1,1.4,3.3
Dec 2025,17,Wed,2025-12-17,4:23,2.0,low,8:45,4.7,high,16:07,1.3,low,22:05,5.2,high,63.0,Average,5.2,1.3,3.3
Dec 2025,18,Thu,2025-12-18,5:04,1.9,low,9:24,4.8,high,16:41,1.3,low,22:39,5.3,high,67.0,Average,5.3,1.3,3.3249999999999997
Dec 2025,19,Fri,2025-12-19,5:40,1.9,low,10:01,4.8,high,17:13,1.2,low,23:11,5.4,high,69.0,Average,5.4,1.2,3.325
Dec 2025,20,Sat,2025-12-20,6:14,1.9,low,10:37,4.8,high,17:45,1.2,low,23:42,5.4,high,71.0,High,5.4,1.2,3.325
Dec 2025,21,Sun,2025-12-21,6:48,1.8,low,11:12,4.8,high,18:17,1.2,low,,,,71.0,High,4.8,1.2,2.6
Dec 2025,22,Mon,2025-12-22,0:14,5.5,high,7:21,1.8,low,11:48,4.8,high,18:49,1.2,low,70.0,High,5.5,1.2,3.3249999999999997
Dec 2025,23,Tue,2025-12-23,0:46,5.5,high,7:55,1.8,low,12:25,4.8,high,19:23,1.3,low,68.0,Average,5.5,1.3,3.35
Dec 2025,24,Wed,2025-12-24,1:20,5.5,high,8:32,1.7,low,13:07,4.8,high,19:59,1.4,low,65.0,Average,5.5,1.4,3.35
Dec 2025,25,Thu,2025-12-25,1:54,5.4,high,9:12,1.7,low,13:53,4.7,high,20:41,1.5,low,61.0,Average,5.4,1.5,3.325
Dec 2025,26,Fri,2025-12-26,2:30,5.3,high,9:58,1.6,low,14:47,4.7,high,21:30,1.6,low,58.0,Average,5.3,1.6,3.3000000000000003
Dec 2025,27,Sat,2025-12-27,3:10,5.2,high,10:50,1.6,low,15:52,4.7,high,22:32,1.8,low,56.0,Average,5.2,1.6,3.325
Dec 2025,28,Sun,2025-12-28,3:56,5.1,high,11:48,1.5,low,17:09,4.7,high,23:49,1.9,low,56.0,Average,5.1,1.5,3.3000000000000003
Dec 2025,29,Mon,2025-12-29,4:51,5.0,high,12:49,1.4,low,18:34,4.8,high,,,,59.0,Average,5.0,1.4,3.733333333333333
Dec 2025,30,Tue,2025-12-30,1:15,2.0,low,5:56,4.9,high,13:51,1.3,low,19:52,5.1,high,64.0,Average,5.1,1.3,3.325
Dec 2025,31,Wed,2025-12-31,2:37,2.0,low,7:07,4.9,high,14:51,1.2,low,20:56,5.3,high,72.0,High,5.3,1.2,3.3499999999999996
Jan 2026,1,Thu,2026-01-01,3:49,1.9,low,8:16,4.9,high,15:48,1.1,low,21:50,5.5,high,80.0,High,5.5,1.1,3.35
Jan 2026,2,Fri,2026-01-02,4:52,1.8,low,9:19,5.0,high,16:42,1.0,low,22:39,5.7,high,87.0,High,5.7,1.0,3.375
Jan 2026,3,Sat,2026-01-03,5:47,1.7,low,10:16,5.1,high,17:33,1.0,low,23:24,5.8,high,91.0,Very High,5.8,1.0,3.4
Jan 2026,4,Sun,2026-01-04,6:36,1.6,low,11:08,5.1,high,18:21,1.0,low,,,,92.0,Very High,5.1,1.0,2.5666666666666664
Jan 2026,5,Mon,2026-01-05,0:06,5.9,high,7:23,1.6,low,11:57,5.1,high,19:07,1.1,low,89.0,High,5.9,1.1,3.425
Jan 2026,6,Tue,2026-01-06,0:46,5.8,high,8:08,1.5,low,12:45,5.1,high,19:51,1.2,low,83.0,High,5.8,1.2,3.3999999999999995
Jan 2026,7,Wed,2026-01-07,1:25,5.7,high,8:52,1.5,low,13:32,5.0,high,20:33,1.4,low,75.0,High,5.7,1.4,3.4
Jan 2026,8,Thu,2026-01-08,2:02,5.6,high,9:36,1.5,low,14:21,4.9,high,21:15,1.6,low,65.0,Average,5.6,1.5,3.4
Jan 2026,9,Fri,2026-01-09,2:39,5.3,high,10:20,1.5,low,15:13,4.8,high,22:00,1.8,low,55.0,Average,5.3,1.5,3.35
Jan 2026,10,Sat,2026-01-10,3:16,5.1,high,11:07,1.6,low,16:12,4.6,high,22:52,1.9,low,46.0,Low,5.1,1.6,3.3
Jan 2026,11,Sun,2026-01-11,3:54,4.9,high,11:58,1.6,low,17:26,4.5,high,23:59,2.1,low,40.0,Low,4.9,1.6,3.275
Jan 2026,12,Mon,2026-01-12,4:38,4.8,high,12:53,1.6,low,18:57,4.6,high,,,,37.0,Low,4.8,1.6,3.6666666666666665
Jan 2026,13,Tue,2026-01-13,1:25,2.2,low,5:35,4.5,high,13:51,1.6,low,20:16,4.8,high,40.0,Low,4.8,1.6,3.2750000000000004
Jan 2026,14,Wed,2026-01-14,2:54,2.2,low,6:51,4.5,high,14:47,1.5,low,21:10,4.9,high,46.0,Low,4.9,1.5,3.275
Jan 2026,15,Thu,2026-01-15,4:05,2.1,low,8:04,4.5,high,15:37,1.5,low,21:51,5.1,high,53.0,Average,5.1,1.5,3.3
Jan 2026,16,Fri,2026-01-16,4:56,2.0,low,9:00,4.5,high,16:20,1.4,low,22:25,5.2,high,61.0,Average,5.2,1.4,3.2750000000000004
Jan 2026,17,Sat,2026-01-17,5:34,1.9,low,9:46,4.7,high,16:59,1.3,low,22:56,5.3,high,69.0,Average,5.3,1.3,3.3
Jan 2026,18,Sun,2026-01-18,6:06,1.9,low,10:26,4.8,high,17:34,1.3,low,23:26,5.5,high,75.0,High,5.5,1.3,3.375
Jan 2026,19,Mon,2026-01-19,6:36,1.8,low,11:04,4.9,high,18:08,1.2,low,23:55,5.6,high,80.0,High,5.6,1.2,3.375
Jan 2026,20,Tue,2026-01-20,7:05,1.7,low,11:42,5.0,high,18:41,1.2,low,,,,83.0,High,5.0,1.2,2.6333333333333333
Jan 2026,21,Wed,2026-01-21,0:24,5.6,high,7:34,1.6,low,12:20,5.1,high,19:15,1.3,low,83.0,High,5.6,1.3,3.4
Jan 2026,22,Thu,2026-01-22,0:54,5.6,high,8:05,1.5,low,12:59,5.1,high,19:50,1.3,low,81.0,High,5.6,1.3,3.375
Jan 2026,23,Fri,2026-01-23,1:24,5.6,high,8:39,1.4,low,13:42,5.1,high,20:28,1.5,low,77.0,High,5.6,1.4,3.4
Jan 2026,24,Sat,2026-01-24,1:57,5.5,high,9:16,1.4,low,14:29,5.1,high,21:10,1.6,low,70.0,High,5.5,1.4,3.4
Jan 2026,25,Sun,2026-01-25,2:32,5.3,high,10:00,1.4,low,15:24,5.0,high,22:01,1.8,low,61.0,Average,5.3,1.4,3.375
Jan 2026,26,Mon,2026-01-26,3:12,5.1,high,10:54,1.4,low,16:31,4.9,high,23:08,2.0,low,53.0,Average,5.1,1.4,3.35
Jan 2026,27,Tue,2026-01-27,4:01,5.0,high,12:00,1.4,low,17:58,4.8,high,,,,49.0,Low,5.0,1.4,3.733333333333333
Jan 2026,28,Wed,2026-01-28,0:42,2.1,low,5:08,4.8,high,13:17,1.4,low,19:35,5.0,high,52.0,Average,5.0,1.4,3.325
Jan 2026,29,Thu,2026-01-29,2:29,2.1,low,6:40,4.7,high,14:35,1.3,low,20:51,5.2,high,61.0,Average,5.2,1.3,3.325
Jan 2026,30,Fri,2026-01-30,3:56,2.0,low,8:11,4.8,high,15:44,1.2,low,21:46,5.4,high,73.0,High,5.4,1.2,3.35
Jan 2026,31,Sat,2026-01-31,4:58,1.8,low,9:21,4.9,high,16:43,1.2,low,22:31,5.6,high,84.0,High,5.6,1.2,3.375
Feb 2026,1,Sun,2026-02-01,5:47,1.7,low,10:17,5.1,high,17:33,1.1,low,23:12,5.7,high,92.0,Very High,5.7,1.1,3.4000000000000004
Feb 2026,2,Mon,2026-02-02,6:29,1.6,low,11:06,5.2,high,18:17,1.1,low,23:48,5.8,high,97.0,Very High,5.8,1.1,3.425
Feb 2026,3,Tue,2026-02-03,7:07,1.5,low,11:51,5.3,high,18:57,1.2,low,,,,96.0,Very High,5.3,1.2,2.6666666666666665
Feb 2026,4,Wed,2026-02-04,0:23,5.8,high,7:43,1.4,low,12:33,5.3,high,19:34,1.3,low,91.0,Very High,5.8,1.3,3.45
Feb 2026,5,Thu,2026-02-05,0:56,5.7,high,8:16,1.4,low,13:12,5.2,high,20:09,1.4,low,83.0,High,5.7,1.4,3.4250000000000003
Feb 2026,6,Fri,2026-02-06,1:26,5.6,high,8:49,1.4,low,13:52,5.1,high,20:43,1.6,low,72.0,High,5.6,1.4,3.425
Feb 2026,7,Sat,2026-02-07,1:56,5.3,high,9:22,1.4,low,14:32,5.0,high,21:16,1.7,low,60.0,Average,5.3,1.4,3.3499999999999996
Feb 2026,8,Sun,2026-02-08,2:25,5.1,high,9:56,1.5,low,15:16,4.8,high,21:53,1.9,low,47.0,Low,5.1,1.5,3.3249999999999997
Feb 2026,9,Mon,2026-02-09,2:53,4.9,high,10:36,1.6,low,16:09,4.7,high,22:39,2.1,low,36.0,Low,4.9,1.6,3.3249999999999997
Feb 2026,10,Tue,2026-02-10,3:24,4.8,high,11:28,1.6,low,17:27,4.5,high,23:58,2.2,low,29.0,Low,4.8,1.6,3.2750000000000004
Feb 2026,11,Wed,2026-02-11,4:04,4.5,high,12:38,1.7,low,19:27,4.6,high,,,,29.0,Low,4.6,1.7,3.6
Feb 2026,12,Thu,2026-02-12,2:11,2.2,low,5:24,4.4,high,14:00,1.7,low,20:47,4.8,high,37.0,Low,4.8,1.7,3.2750000000000004
Feb 2026,13,Fri,2026-02-13,3:53,2.2,low,7:29,4.4,high,15:09,1.6,low,21:30,5.0,high,48.0,Low,5.0,1.6,3.3000000000000003
Feb 2026,14,Sat,2026-02-14,4:42,2.0,low,8:45,4.5,high,16:02,1.5,low,22:03,5.1,high,61.0,Average,5.1,1.5,3.275
Feb 2026,15,Sun,2026-02-15,5:15,1.9,low,9:35,4.7,high,16:44,1.4,low,22:31,5.3,high,72.0,High,5.3,1.4,3.325
Feb 2026,16,Mon,2026-02-16,5:42,1.8,low,10:16,4.9,high,17:21,1.3,low,22:59,5.5,high,83.0,High,5.5,1.3,3.375
Feb 2026,17,Tue,2026-02-17,6:09,1.6,low,10:54,5.1,high,17:55,1.3,low,23:27,5.6,high,91.0,Very High,5.6,1.3,3.3999999999999995
Feb 2026,18,Wed,2026-02-18,6:36,1.5,low,11:30,5.2,high,18:29,1.3,low,23:55,5.6,high,96.0,Very High,5.6,1.3,3.4
Feb 2026,19,Thu,2026-02-19,7:04,1.4,low,12:08,5.3,high,19:03,1.3,low,,,,98.0,Very High,5.3,1.3,2.6666666666666665
Feb 2026,20,Fri,2026-02-20,0:25,5.6,high,7:34,1.3,low,12:46,5.4,high,19:38,1.4,low,94.0,Very High,5.6,1.3,3.4250000000000003
Feb 2026,21,Sat,2026-02-21,0:55,5.6,high,8:07,1.2,low,13:27,5.4,high,20:16,1.5,low,86.0,High,5.6,1.2,3.425
Feb 2026,22,Sun,2026-02-22,1:28,5.5,high,8:44,1.2,low,14:12,5.3,high,20:56,1.7,low,74.0,High,5.5,1.2,3.425
Feb 2026,23,Mon,2026-02-23,2:03,5.3,high,9:26,1.2,low,15:03,5.2,high,21:44,1.8,low,60.0,Average,5.3,1.2,3.375
Feb 2026,24,Tue,2026-02-24,2:43,5.1,high,10:18,1.3,low,16:07,5.0,high,22:51,2.0,low,46.0,Low,5.1,1.3,3.3499999999999996
Feb 2026,25,Wed,2026-02-25,3:33,4.8,high,11:28,1.4,low,17:36,4.8,high,,,,40.0,Low,4.8,1.4,3.6666666666666665
Feb 2026,26,Thu,2026-02-26,0:40,2.1,low,4:48,4.6,high,13:00,1.5,low,19:26,4.9,high,46.0,Low,4.9,1.5,3.275
Feb 2026,27,Fri,2026-02-27,2:43,2.1,low,6:45,4.5,high,14:33,1.5,low,20:43,5.1,high,58.0,Average,5.1,1.5,3.3
Feb 2026,28,Sat,2026-02-28,4:02,1.9,low,8:23,4.7,high,15:46,1.4,low,21:34,5.3,high,73.0,High,5.3,1.4,3.325
Mar 2026,1,Sun,2026-03-01,4:53,1.7,low,9:28,4.9,high,16:42,1.3,low,22:14,5.5,high,85.0,High,5.5,1.3,3.35
Mar 2026,2,Mon,2026-03-02,5:33,1.6,low,10:18,5.1,high,17:27,1.3,low,22:50,5.6,high,94.0,Very High,5.6,1.3,3.3999999999999995
Mar 2026,3,Tue,2026-03-03,6:08,1.4,low,11:00,5.3,high,18:06,1.3,low,23:22,5.6,high,98.0,Very High,5.6,1.3,3.3999999999999995
Mar 2026,4,Wed,2026-03-04,6:39,1.3,low,11:38,5.4,high,18:41,1.3,low,23:53,5.6,high,98.0,Very High,5.6,1.3,3.4
Mar 2026,5,Thu,2026-03-05,7:08,1.3,low,12:14,5.4,high,19:13,1.4,low,,,,93.0,Very High,5.4,1.3,2.6999999999999997
Mar 2026,6,Fri,2026-03-06,0:22,5.6,high,7:36,1.3,low,12:48,5.4,high,19:44,1.5,low,85.0,High,5.6,1.3,3.45
Mar 2026,7,Sat,2026-03-07,0:49,5.4,high,8:02,1.3,low,13:22,5.3,high,20:12,1.6,low,74.0,High,5.4,1.3,3.4
Mar 2026,8,Sun,2026-03-08,1:16,5.3,high,8:29,1.3,low,13:56,5.2,high,20:41,1.8,low,61.0,Average,5.3,1.3,3.4000000000000004
Mar 2026,9,Mon,2026-03-09,1:41,5.1,high,8:57,1.4,low,14:33,5.0,high,21:12,1.9,low,48.0,Low,5.1,1.4,3.35
Mar 2026,10,Tue,2026-03-10,2:07,4.9,high,9:29,1.5,low,15:15,4.8,high,21:49,2.1,low,35.0,Low,4.9,1.5,3.3249999999999997
Mar 2026,11,Wed,2026-03-11,2:34,4.7,high,10:12,1.6,low,16:14,4.7,high,22:53,2.2,low,26.0,Low,4.7,1.6,3.3
Mar 2026,12,Thu,2026-03-12,3:09,4.5,high,11:19,1.7,low,17:58,4.6,high,,,,25.0,Low,4.6,1.7,3.6
Mar 2026,13,Fri,2026-03-13,1:25,2.2,low,4:20,4.3,high,13:03,1.8,low,19:54,4.7,high,34.0,Low,4.7,1.8,3.25
Mar 2026,14,Sat,2026-03-14,3:17,2.1,low,6:59,4.3,high,14:32,1.7,low,20:46,4.9,high,48.0,Low,4.9,1.7,3.25
Mar 2026,15,Sun,2026-03-15,4:04,2.0,low,8:26,4.5,high,15:33,1.6,low,21:21,5.1,high,63.0,Average,5.1,1.6,3.3
Mar 2026,16,Mon,2026-03-16,4:34,1.8,low,9:17,4.8,high,16:18,1.5,low,21:51,5.3,high,77.0,High,5.3,1.5,3.3499999999999996
Mar 2026,17,Tue,2026-03-17,5:02,1.6,low,9:57,5.1,high,16:58,1.4,low,22:21,5.4,high,90.0,Very High,5.4,1.4,3.375
Mar 2026,18,Wed,2026-03-18,5:29,1.4,low,10:36,5.3,high,17:35,1.4,low,22:51,5.6,high,100.0,Very High,5.6,1.4,3.425
Mar 2026,19,Thu,2026-03-19,5:59,1.3,low,11:13,5.5,high,18:11,1.4,low,23:21,5.6,high,105.0,Very High,5.6,1.3,3.4499999999999997
Mar 2026,20,Fri,2026-03-20,6:29,1.1,low,11:51,5.6,high,18:47,1.4,low,23:54,5.6,high,105.0,Very High,5.6,1.1,3.425
Mar 2026,21,Sat,2026-03-21,7:02,1.1,low,12:31,5.7,high,19:25,1.5,low,,,,98.0,Very High,5.7,1.1,2.766666666666667
Mar 2026,22,Sun,2026-03-22,0:27,5.5,high,7:38,1.0,low,13:13,5.6,high,20:05,1.6,low,87.0,High,5.6,1.0,3.425
Mar 2026,23,Mon,2026-03-23,1:03,5.4,high,8:17,1.1,low,13:58,5.5,high,20:49,1.7,low,71.0,High,5.5,1.1,3.425
Mar 2026,24,Tue,2026-03-24,1:42,5.2,high,9:01,1.2,low,14:50,5.3,high,21:42,1.9,low,55.0,Average,5.3,1.2,3.4
Mar 2026,25,Wed,2026-03-25,2:27,5.0,high,9:56,1.4,low,15:54,5.1,high,23:02,2.0,low,42.0,Low,5.1,1.4,3.375
Mar 2026,26,Thu,2026-03-26,3:25,4.7,high,11:12,1.5,low,17:22,4.9,high,,,,39.0,Low,4.9,1.5,3.7000000000000006
Mar 2026,27,Fri,2026-03-27,1:02,2.1,low,4:59,4.5,high,12:56,1.6,low,19:05,5.0,high,48.0,Low,5.0,1.6,3.3
Mar 2026,28,Sat,2026-03-28,2:43,1.9,low,7:06,4.5,high,14:30,1.6,low,20:18,5.1,high,61.0,Average,5.1,1.6,3.275
Mar 2026,29,Sun,2026-03-29,3:47,1.8,low,8:31,4.8,high,15:39,1.6,low,21:07,5.3,high,74.0,High,5.3,1.6,3.375
Mar 2026,30,Mon,2026-03-30,4:31,1.6,low,9:26,5.0,high,16:31,1.5,low,21:45,5.3,high,84.0,High,5.3,1.5,3.3499999999999996
Mar 2026,31,Tue,2026-03-31,5:06,1.4,low,10:09,5.2,high,17:13,1.5,low,22:19,5.4,high,91.0,Very High,5.4,1.4,3.375
Apr 2026,1,Wed,2026-04-01,5:37,1.3,low,10:46,5.4,high,17:49,1.5,low,22:49,5.4,high,93.0,Very High,5.4,1.3,3.4
Apr 2026,2,Thu,2026-04-02,6:04,1.3,low,11:20,5.5,high,18:21,1.5,low,23:18,5.4,high,92.0,Very High,5.5,1.3,3.4250000000000003
Apr 2026,3,Fri,2026-04-03,6:30,1.2,low,11:53,5.5,high,18:51,1.6,low,23:46,5.3,high,87.0,High,5.5,1.2,3.4000000000000004
Apr 2026,4,Sat,2026-04-04,6:55,1.2,low,12:24,5.5,high,19:19,1.6,low,,,,80.0,High,5.5,1.2,2.766666666666667
Apr 2026,5,Sun,2026-04-05,0:13,5.2,high,7:19,1.2,low,12:55,5.4,high,19:47,1.7,low,71.0,High,5.4,1.2,3.375
Apr 2026,6,Mon,2026-04-06,0:39,5.1,high,7:45,1.3,low,13:27,5.3,high,20:16,1.8,low,60.0,Average,5.3,1.3,3.375
Apr 2026,7,Tue,2026-04-07,1:05,5.0,high,8:12,1.4,low,14:02,5.1,high,20:48,1.9,low,48.0,Low,5.1,1.4,3.35
Apr 2026,8,Wed,2026-04-08,1:33,4.8,high,8:44,1.5,low,14:42,5.0,high,21:29,2.0,low,37.0,Low,5.0,1.5,3.325
Apr 2026,9,Thu,2026-04-09,2:04,4.6,high,9:22,1.6,low,15:33,4.8,high,22:37,2.1,low,29.0,Low,4.8,1.6,3.275
Apr 2026,10,Fri,2026-04-10,2:47,4.5,high,10:20,1.7,low,16:46,4.7,high,,,,28.0,Low,4.7,1.7,3.6333333333333333
Apr 2026,11,Sat,2026-04-11,0:40,2.1,low,4:07,4.3,high,11:59,1.8,low,18:21,4.8,high,37.0,Low,4.8,1.8,3.25
Apr 2026,12,Sun,2026-04-12,2:12,2.0,low,6:22,4.3,high,13:39,1.8,low,19:33,4.8,high,50.0,Average,4.8,1.8,3.2249999999999996
Apr 2026,13,Mon,2026-04-13,3:03,1.9,low,7:54,4.5,high,14:49,1.7,low,20:20,5.0,high,65.0,Average,5.0,1.7,3.275
Apr 2026,14,Tue,2026-04-14,3:40,1.7,low,8:48,4.9,high,15:42,1.7,low,20:59,5.1,high,80.0,High,5.1,1.7,3.35
Apr 2026,15,Wed,2026-04-15,4:13,1.5,low,9:32,5.2,high,16:28,1.6,low,21:35,5.3,high,92.0,Very High,5.3,1.5,3.4000000000000004
Apr 2026,16,Thu,2026-04-16,4:46,1.3,low,10:13,5.5,high,17:09,1.5,low,22:10,5.4,high,101.0,Very High,5.5,1.3,3.4250000000000003
Apr 2026,17,Fri,2026-04-17,5:21,1.1,low,10:53,5.7,high,17:50,1.5,low,22:47,5.5,high,105.0,Very High,5.7,1.1,3.45
Apr 2026,18,Sat,2026-04-18,5:57,1.0,low,11:34,5.9,high,18:31,1.5,low,23:24,5.4,high,103.0,Very High,5.9,1.0,3.45
Apr 2026,19,Sun,2026-04-19,6:34,0.9,low,12:17,5.9,high,19:14,1.6,low,,,,95.0,Very High,5.9,0.9,2.8000000000000003
Apr 2026,20,Mon,2026-04-20,0:03,5.4,high,7:15,1.0,low,13:01,5.8,high,19:59,1.7,low,83.0,High,5.8,1.0,3.4749999999999996
Apr 2026,21,Tue,2026-04-21,0:45,5.3,high,7:58,1.1,low,13:48,5.6,high,20:51,1.8,low,68.0,Average,5.6,1.1,3.45
Apr 2026,22,Wed,2026-04-22,1:31,5.1,high,8:47,1.2,low,14:42,5.4,high,21:56,1.9,low,54.0,Average,5.4,1.2,3.4
Apr 2026,23,Thu,2026-04-23,2:24,4.8,high,9:47,1.4,low,15:44,5.2,high,23:24,1.9,low,46.0,Low,5.2,1.4,3.3249999999999997
Apr 2026,24,Fri,2026-04-24,3:35,4.6,high,11:07,1.6,low,17:01,5.1,high,,,,45.0,Low,5.1,1.6,3.766666666666666
Apr 2026,25,Sat,2026-04-25,0:59,1.9,low,5:17,4.5,high,12:44,1.7,low,18:25,5.0,high,52.0,Average,5.0,1.7,3.275
Apr 2026,26,Sun,2026-04-26,2:16,1.8,low,7:09,4.6,high,14:11,1.8,low,19:34,5.1,high,61.0,Average,5.1,1.8,3.3249999999999997
Apr 2026,27,Mon,2026-04-27,3:12,1.6,low,8:23,4.8,high,15:17,1.7,low,20:25,5.1,high,70.0,High,5.1,1.6,3.3
Apr 2026,28,Tue,2026-04-28,3:55,1.5,low,9:13,5.1,high,16:10,1.7,low,21:06,5.1,high,77.0,High,5.1,1.5,3.3499999999999996
Apr 2026,29,Wed,2026-04-29,4:30,1.4,low,9:53,5.3,high,16:52,1.7,low,21:41,5.2,high,81.0,High,5.3,1.4,3.3999999999999995
Apr 2026,30,Thu,2026-04-30,5:00,1.3,low,10:28,5.4,high,17:28,1.7,low,22:13,5.2,high,83.0,High,5.4,1.3,3.4000000000000004
