Vessel Name,Actual Arrival,Haul-in Time,Pre-berth Delay,L.O.A (Mtrs.),Exp. Draft,Type of Cargo,Total (Cnt/ Tonnage),Steamer's & Charterer Agent,Importer/Exporter,Berth,Min Tide (m),Max Tide (m),Mean Tide (m),Terminal_Draft_Mtrs,Terminal_DWT,Shore_Crane_Qty,Shore_Crane_SWL
M.T. AB OLIVIA [HAL12500709],2025-08-03 16:30:00,2025-08-07 14:48:00,-94h 18m,154.51,8.5,NAPTHA (COASTAL),11774,MARINE L/MARINE L,EMAMI AGROTECH L,5,0.7,6.14,3.42,11.5,60000 MT,NA,NA
M.T. ACADIA PARK [HAL12501835],2026-02-10 01:15:00,2026-02-10 20:54:00,-19h 39m,143.15,7.5,LIMESTONE /TMILL,7794,ATLANTIC/ATLANTIC,INDIAN OIL CORPO,5,0.62,6.09,3.35,11.5,60000 MT,NA,NA
M.T. AHINOS [HAL12501533],2026-01-02 18:00:00,2026-01-08 17:00:00,-143h 0m,138.73,8.5,BUTANE,11001,SEAPORT /SEAPORT,EMAMI AGROTECH L,7,1.85,3.59,2.72,11.5,"60,000 MT",NA,NA
M.T. AL WUKIR [HAL12501613],2026-01-02 13:00:00,2026-01-06 14:12:00,-97h 12m,179.99,8.5,PROPANE,24477,GAC SHIP/GAC SHIP,CARBON/SHAH I,HOJ-III,1.85,3.59,2.72,,,,
M.T. ALISHA [HAL12501779],2026-02-01 03:45:00,2026-02-03 04:12:00,-48h 27m,189.99,8.5,MANGANESE ORE /MHC,11700,ATLANTIC/ATLANTIC,BHARAT PETROLEUM,4,1.96,3.36,2.66,,,,
M.T. AMALIA [HAL12500940],2025-09-15 21:25:00,2025-09-20 11:00:00,-109h 35m,200.0,7.6,STEAM COAL /MHC,11500,ATLANTIC/ATLANTIC,HINDUSTAN PETROL,HOJ-III,0.57,6.0,3.29,,,,
M.T. ANGIE [HAL12500477],2025-06-26 03:00:00,2025-06-26 12:06:00,-9h 6m,177.4,8.0,I-CONTAINER,84/53,BOTHRA S/BOTHRA S,SLOT CHARTERER,TERMINAL,1.98,3.19,2.58,,,,
M.T. ANIKA [HAL12501260],2025-11-16 03:00:00,2025-11-19 15:00:00,-84h 0m,188.8,8.5,CPO,11462,SEAPORT /SEAPORT,AWL AGRI BUSINES,6,0.77,5.02,2.89,11.5,"60,000 MT",NA,NA
M.T. ANIKA [HAL12501910],2026-02-19 03:18:00,2026-02-19 14:00:00,-10h 42m,189.9,16.0,MS (COASTAL),11344,INTEROCE/INTEROCE,INDIAN OIL CORPO,6,1.69,3.6,2.65,11.5,"60,000 MT",NA,NA
M.T. ANJANEYA [HAL12500911],2025-09-09 21:12:00,2025-09-13 05:36:00,-80h 24m,142.7,7.0,MANGANESE ORE /MHC,30000,TM INTER/TM INTER,TATA STEEL LTD.,6,1.87,3.09,2.48,11.5,"60,000 MT",NA,NA
M.T. ASIAN LILAC [HAL12500776],2025-08-22 06:18:00,2025-08-23 03:50:00,-21h 32m,126.5,8.8,"(SG/SC-5900,",250/0,TRANSWOR/TRANSWO,SLOT CHARTERER,2,1.66,3.92,2.79,10.0,45000 MT,2,30 MT
M.T. ASP SUNRISE [HAL12500466],2025-06-22 07:48:00,2025-06-23 14:42:00,-30h 54m,160.5,8.2,BUTANE,11343,SAMSARA /SAMSARA,BHARAT PETROLEUM,4,1.08,5.34,3.21,,,,
M.T. BANTRY BAY [HAL12500593],2025-07-26 10:25:00,2025-07-28 02:18:00,-39h 53m,149.6,8.4,CDSBO,9825,SAMUDRA MARINE S,MCPI PRIVATE LIM,7,2.0,3.11,2.55,11.5,"60,000 MT",NA,NA
M.T. BAY SPIRIT [HAL12501072],2025-10-10 22:06:00,2025-10-11 13:00:00,-14h 54m,226.0,8.3,PROPANE,20028,GREYM MA/INTEROCE,LOUIS DREYFUS CO,TERMINAL,1.73,3.87,2.8,,,,
M.T. BI WU [HAL12501482],2025-12-15 15:24:00,2025-12-19 10:30:00,-91h 6m,228.9,14.43,-26000),6300,TRANSWOR/TRANSWO,HALDIA PETROCHEM,TERMINAL,0.66,5.24,2.95,,,,
M.T. BLUE PHOENIX [HAL12500923],2025-09-18 04:12:00,2025-09-28 13:12:00,-249h 0m,82.98,4.5,PROPANE,33000,THE SHIP/STEEL AU,STEEL AUTHORITY,HOJ-I,0.8,5.22,3.01,12.0,"75,000 MT",NA,NA
M.T. BRIDGET [HAL12501548],2025-12-20 07:18:00,2025-12-22 12:12:00,-52h 54m,138.11,8.3,"(SD/SC-14662,HDC/MHC",13000,SEAPORT /SEAPORT,EMAMI AGROTECH L,HOJ-I,1.96,3.06,2.51,12.0,"75,000 MT",NA,NA
M.T. BW BALDER [HAL12500371],2025-06-11 07:06:00,2025-06-14 12:36:00,-77h 30m,225.21,8.5,PROPANE,5781,ATLANTIC/ATLANTIC,INDIAN/BHARAT,HOJ-II,1.82,3.13,2.48,13.0,"75,000 MT",NA,NA
M.T. BW BIRCH [HAL12500354],2025-06-08 00:30:00,2025-06-11 11:12:00,-82h 42m,225.48,7.4,MS (COASTAL),1000,ATLANTIC/ATLANTIC,INDIAN OIL CORPO,HOJ-II,1.18,4.81,2.99,13.0,"75,000 MT",NA,NA
M.T. BW BREEZE [HAL12500591],2025-07-13 23:42:00,2025-07-17 16:00:00,-88h 18m,145.53,8.9,COKING COAL /ISPHL,10350,ATLANTIC/ATLANTIC,INDIAN/BHARAT,HOJ-III,1.86,3.44,2.65,,,,
M.T. BW BREEZE [HAL12501794],2026-01-30 05:00:00,2026-02-05 14:06:00,-153h 6m,112.1,6.1,(COASTAL),11220,SEAPORT /SEAPORT,EMAMI AGROTECH L,HOJ-III,1.38,4.26,2.82,,,,
M.T. BW CHINOOK [HAL12501639],2026-01-04 20:30:00,2026-01-06 13:48:00,-41h 18m,158.56,7.0,COKING COAL /MHC,10750,ATLANTIC/ATLANTIC,HINDUSTAN PETROL,HOJ-II,2.08,3.19,2.63,13.0,"75,000 MT",NA,NA
M.T. BW CHINOOK [HAL12501803],2026-02-02 05:18:00,2026-02-03 12:42:00,-31h 24m,145.53,6.0,I-CONTAINER,14423,ATLANTIC/ATLANTIC,GOKUL AGRO RESOU,HOJ-II,1.72,2.83,2.28,13.0,"75,000 MT",NA,NA
M.T. BW ELM [HAL12500480],2025-06-28 10:00:00,2025-06-30 14:06:00,-52h 6m,115.33,8.4,WOODPULP,8850,TM INTER/TM INTER,ITC LIMITED,HOJ-I,1.99,3.41,2.7,12.0,"75,000 MT",NA,NA
M.T. BW FRIGG [HAL12502026],2026-03-06 19:45:00,2026-03-09 14:30:00,-66h 45m,225.28,7.9,PROPANE,34935.0,TM INTER/GAC SHIP,TATA S/SHYAM,HOJ-II,1.76,3.9,2.83,13.0,"75,000 MT",NA,NA
M.T. BW KIZOKU [HAL12501890],2026-02-17 02:00:00,2026-02-19 13:12:00,-59h 12m,189.99,7.8,/MHC,11344,EVERETT (INDIA),INDIAN OIL CORPO,HOJ-II,1.76,2.86,2.31,13.0,"75,000 MT",NA,NA
M.T. BW LEO [HAL12501758],2026-01-29 00:24:00,2026-02-01 11:30:00,-83h 6m,226.0,8.4,BUTANE,11500,WILHELMS/WILHELMS,HINDUSTAN PETROL,HOJ-II,1.04,4.85,2.94,13.0,"75,000 MT",NA,NA
M.T. BW LEO [HAL12501983],2026-03-01 15:00:00,2026-03-03 11:42:00,-44h 42m,99.9,6.0,MS (COASTAL),32457.0,TM INTER/TM INTER,TATA STEEL LTD.,HOJ-II,1.57,3.91,2.74,13.0,"75,000 MT",NA,NA
M.T. BW LORD [HAL12500412],2025-06-13 17:00:00,2025-06-19 17:12:00,-144h 12m,147.87,8.5,CPO,24000,INTEROCE/SEAHORSE,VARIOUS,HOJ-I,1.7,2.99,2.34,12.0,"75,000 MT",NA,NA
M.T. BW LORD [HAL12500898],2025-09-05 18:42:00,2025-09-06 10:00:00,-15h 18m,228.0,7.8,MOTOR SPIRIT,6900,SEAPORT /SEAPORT,INDIAN OIL CORPO,HOJ-II,1.27,4.14,2.7,13.0,"75,000 MT",NA,NA
M.T. BW LORD [HAL12501428],2025-12-06 20:00:00,2025-12-11 16:00:00,-116h 0m,226.0,8.4,E-CONTAINER,0/0,INTEROCE/SEAHORSE,SLOT CHARTERER,HOJ-II,1.9,3.07,2.48,13.0,"75,000 MT",NA,NA
M.T. BW LOYALTY [HAL12500558],2025-07-09 06:00:00,2025-07-11 11:36:00,-53h 36m,229.0,8.6,MANGANESE ORE / MHC,35000,CROSS OC/STEEL AU,STEEL AUTHORITY,HOJ-I,1.47,3.65,2.56,12.0,"75,000 MT",NA,NA
M.T. BW LOYALTY [HAL12501152],2025-10-21 18:42:00,2025-10-23 11:18:00,-40h 36m,148.0,8.0,HDC/MHC-29000),10000,ATLANTIC/ATLANTIC,HINDUSTAN PETROL,HOJ-II,1.64,3.08,2.36,13.0,"75,000 MT",NA,NA
M.T. BW LOYALTY [HAL12501219],2025-11-02 02:30:00,2025-11-02 08:12:00,-5h 42m,229.0,10.0,REFORMATE (COASTAL),11500,ISS SHIP/ISS SHIP,HINDUSTAN PETROL,HOJ-II,1.04,4.66,2.85,13.0,"75,000 MT",NA,NA
M.T. BW MESSINA [HAL12501705],2026-01-18 22:30:00,2026-01-20 12:30:00,-38h 0m,200.0,8.4,METHANOL,40000,TM INTER/TM INTER,TATA STEEL LTD.,HOJ-II,2.0,3.15,2.58,13.0,"75,000 MT",NA,NA
M.T. BW MISTRAL [HAL12500870],2025-09-02 14:36:00,2025-09-04 09:06:00,-42h 30m,199.99,7.2,EQUIPMENTS / TMILL,26015,EMINENCE/SEAHORSE,VARIOUS,HOJ-I,0.53,5.78,3.16,12.0,"75,000 MT",NA,NA
M.T. BW OAK [HAL12500518],2025-07-01 06:48:00,2025-07-05 06:36:00,-95h 48m,139.98,8.2,NAPTHA,32500,BEN LINE/BEN LINE,HALDIA PETROCHEM,HOJ-II,0.84,4.7,2.77,13.0,"75,000 MT",NA,NA
M.T. BW OAK [HAL12500727],2025-08-03 22:48:00,2025-08-10 11:48:00,-157h 0m,228.99,8.0,NAPTHA (COASTAL),10000,ATLANTIC GLOBAL,INDIAN OIL CORPO,HOJ-I,0.7,6.14,3.42,12.0,"75,000 MT",NA,NA
M.T. BW OAK [HAL12500981],2025-09-21 10:00:00,2025-09-23 12:00:00,-50h 0m,189.99,7.26,I-CONTAINER,12599,ALAP CAR/ALAP CAR,HINDUSTAN PETROL,HOJ-II,1.54,3.34,2.44,13.0,"75,000 MT",NA,NA
M.T. BW OAK [HAL12501049],2025-10-01 08:15:00,2025-10-03 08:06:00,-47h 51m,228.9,7.22,BUTANE,200/0,MSC AGEN/MSC AGEN,SLOT CHARTERER,HOJ-II,0.37,5.76,3.06,13.0,"75,000 MT",NA,NA
M.T. BW PINE [HAL12501074],2025-10-11 08:40:00,2025-10-16 07:45:00,-119h 5m,159.98,6.8,I-CONTAINER,10000,TM INTER/TM INTER,TATA STEEL LTD.,HOJ-II,1.48,4.5,2.99,13.0,"75,000 MT",NA,NA
M.T. BW PINE [HAL12501446],2025-12-05 16:42:00,2025-12-09 14:06:00,-93h 24m,226.0,8.4,PYROXENITE /TMILL,11500,MSC AGEN/MSC AGEN,BHARAT PETROLEUM,HOJ-I,1.85,2.99,2.42,12.0,"75,000 MT",NA,NA
M.T. BW PINE [HAL12501642],2026-01-07 19:50:00,2026-01-08 15:06:00,-19h 16m,168.0,6.5,STEAM COAL / MHC,9993,ATLANTIC/ATLANTIC,INDIAN/BHARAT,HOJ-II,1.21,4.04,2.62,13.0,"75,000 MT",NA,NA
M.T. BW PINE [HAL12501951],2026-02-23 12:02:00,2026-02-27 07:54:00,-91h 52m,226.0,8.0,E-CONTAINER,29000,EVEREADY/AQUAPORT,HALDIA PETROCHEM,HOJ-II,0.52,5.7,3.11,13.0,"75,000 MT",NA,NA
M.T. BW TYR [HAL12500507],2025-07-04 07:18:00,2025-07-05 06:48:00,-23h 30m,229.0,8.4,"(SG/SC-2600,",11970,TM INTER/STEEL AU,INDIAN OIL CORPO,HOJ-III,0.52,6.02,3.27,,,,
M.T. BW TYR [HAL12500771],2025-08-12 11:18:00,2025-08-26 13:06:00,-337h 48m,179.99,6.35,LUBRICATING OIL,11000,ATLANTIC GLOBAL,INDIAN OIL CORPO,HOJ-III,1.76,3.74,2.75,,,,
M.T. BW TYR [HAL12500876],2025-09-06 00:36:00,2025-09-08 12:00:00,-59h 24m,199.98,8.59,STOCK,10531,SAMSARA /SAMSARA,BHARAT PETROLEUM,HOJ-III,1.42,3.44,2.43,,,,
M.T. BW TYR [HAL12501148],2025-10-23 22:30:00,2025-10-25 12:48:00,-38h 18m,225.45,7.8,PROPANE,10500,ABM WATE/EMINENCE,INDORAMA INDIA P,HOJ-II,1.96,3.15,2.55,13.0,"75,000 MT",NA,NA
M.T. CAMELIA [HAL12500735],2025-08-06 16:36:00,2025-08-08 10:30:00,-41h 54m,158.56,7.0,BUTADIENE,33000,SEA LINK/SEA LINK,HALDIA PETROCHEM,TERMINAL,1.09,4.53,2.81,,,,
M.T. CHANG AN 1 [HAL12500774],2025-08-16 23:42:00,2025-08-20 22:06:00,-94h 24m,177.85,7.0,I-CONTAINER,8090,PHAROS S/PHAROS S,EMAMI PAPER MILL,7,0.39,5.62,3.01,11.5,"60,000 MT",NA,NA
M.T. CHANG AN 1 [HAL12501697],2026-01-15 03:00:00,2026-01-18 16:54:00,-85h 54m,140.0,7.5,PYROXENITE /TMILL,26987,TM INTER/TM INTER,TATA STEEL LTD.,6,1.08,4.24,2.66,11.5,"60,000 MT",NA,NA
M.T. CHEM ABBEY [HAL12501347R],2025-11-22 20:00:00,2025-11-30 06:30:00,-178h 30m,142.7,8.5,BUTANE,45/0,UNIFEEDE/UNIFEEDE,SLOT CHARTERER,HOJ-III,1.82,3.24,2.53,,,,
M.T. CNC BULL [HAL12501023],2025-10-03 10:36:00,2025-10-04 08:40:00,-22h 4m,229.95,8.5,BUTANE,10000,TM INTER/TM INTER,TATA STEEL LTD.,HOJ-III,0.97,5.14,3.05,,,,
M.T. CNC BULL [HAL12501587],2026-01-02 13:00:00,2026-01-04 11:30:00,-46h 30m,138.73,8.5,CDSBO,9/12,R,SLOT CHARTERER,TERMINAL,1.85,3.59,2.72,,,,
M.T. CNC RICH [HAL12500927],2025-09-19 18:30:00,2025-09-20 10:30:00,-16h 0m,142.7,8.2,SULPHUR /TMILL,11900,MARINE L/MARINE L,STEEL AUTHORITY,TERMINAL,1.0,4.53,2.77,,,,
M.T. CORDOBA [HAL12500496],2025-07-03 09:06:00,2025-07-05 08:12:00,-47h 6m,225.0,8.3,E-CONTAINER,30000,GAC SHIP/SAKURA L,BIHAR /VARS C,6,0.45,5.73,3.09,11.5,"60,000 MT",NA,NA
M.T. CORONET [HAL12500945R],2025-09-11 09:48:00,2025-09-25 12:48:00,-339h 0m,183.22,7.4,DISCHARGE CARGO,11000,ATLANTIC/ATLANTIC,INDIAN OIL CORPO,HOJ-I,1.38,3.85,2.62,12.0,"75,000 MT",NA,NA
M.T. CORONET [HAL12500945],2025-09-11 17:36:00,2025-09-19 22:06:00,-196h 30m,189.93,7.09,BUTANE,9800,ATLANTIC/ATLANTIC,INDIAN OIL CORPO,HOJ-III,1.38,3.85,2.62,,,,
M.T. CORONET [HAL12502090],2026-03-13 09:34:00,2026-03-19 12:24:00,-146h 50m,199.92,12.32,536),1394,ATLANTIC/ATLANTIC,INDIAN OIL CORPO,HOJ-II,0.85,5.57,3.21,13.0,"75,000 MT",NA,NA
M.T. CORVETTE [HAL12500621],2025-07-17 06:00:00,2025-07-22 08:54:00,-122h 54m,225.13,8.3,BUTANE,11055,ATLANTIC/ATLANTIC,INDIAN OIL CORPO,HOJ-II,0.77,5.66,3.21,13.0,"75,000 MT",NA,NA
M.T. COURAGE [HAL12500959],2025-09-13 14:36:00,2025-09-19 09:06:00,-138h 30m,183.37,7.8,AVIATION TURBINE,95/32,TRANSWOR/TRANSWO,SLOT CHARTERER,HOJ-I,0.98,5.28,3.13,12.0,"75,000 MT",NA,NA
M.T. DAEHO SUNNY [HAL12501164],2025-10-20 23:18:00,2025-10-23 04:30:00,-53h 12m,199.9,7.97,BUTANE,15032,SAMUDRA MARINE S,GOKUL AGRO RESOU,7,1.62,3.72,2.67,11.5,"60,000 MT",NA,NA
M.T. DAI QUANG [HAL12500668],2025-07-27 22:00:00,2025-07-29 02:48:00,-28h 48m,183.2,8.1,PROPANE,11600,ISS SHIP/ISS SHIP,BHARAT PETROLEUM,4,2.03,3.28,2.66,,,,
M.T. DAI QUANG [HAL12501107],2025-10-12 19:00:00,2025-10-17 12:24:00,-113h 24m,170.16,8.5,NAPTHA (COASTAL),186/439,EASTERN /EASTERN,SLOT CHARTERER,5,0.84,4.79,2.81,11.5,60000 MT,NA,NA
M.T. DAI VINH [HAL12501297],2025-11-16 17:12:00,2025-11-18 23:30:00,-54h 18m,188.8,8.5,MANGANESE ORE /MHC,7500,SEAPORT /SEAPORT,PATANJ/EMAMI,5,0.77,5.02,2.89,11.5,60000 MT,NA,NA
M.T. DAI VINH [HAL12501703],2026-01-14 07:54:00,2026-01-17 14:36:00,-78h 42m,224.86,14.69,E-CONTAINER,10350,INTEROCE/INTEROCE,VARIOUS,4,1.15,5.23,3.19,,,,
M.T. DEE4 JUNIPER [HAL12500784],2025-08-15 21:00:00,2025-08-21 13:00:00,-136h 0m,149.6,6.5,MS (COASTAL),12538,SEAWORLD SHIPPIN,BHARAT PETROLEUM,6,0.74,5.36,3.05,11.5,"60,000 MT",NA,NA
M.T. DH DILIGENCY [HAL12501236],2025-11-07 20:15:00,2025-11-10 13:36:00,-65h 21m,225.0,14.54,COKING COAL / ISPHL,200/0,MSC AGEN/MSC AGEN,STEEL AUTHORITY,HOJ-I,1.87,3.16,2.51,12.0,"75,000 MT",NA,NA
M.T. DH EPOCH [HAL12501819],2026-02-09 00:45:00,2026-02-10 16:06:00,-39h 21m,228.99,7.9,LAM COKE-9676 /MHC,4100,NETINCON/NETINCON,HALDIA PETROCHEM,HOJ-III,0.69,6.12,3.41,,,,
M.T. DING HENG 21 [HAL12501008],2025-09-28 19:15:00,2025-09-30 15:54:00,-44h 39m,229.95,8.5,ACETIC ACID,9521,GAC SHIP/SEAWORLD,NARAYANI COAL CO,7,0.7,5.24,2.97,11.5,"60,000 MT",NA,NA
M.T. DING HENG 21 [HAL12501195],2025-10-28 21:15:00,2025-10-29 19:24:00,-22h 9m,82.98,4.5,CSFSO,13200,INTEROCE/INTEROCE,BHARAT PETROLEUM,7,0.85,5.81,3.33,11.5,"60,000 MT",NA,NA
M.T. DING HENG 22 [HAL12501184],2025-10-26 22:18:00,2025-10-27 12:48:00,-14h 30m,183.0,7.9,CDSBO,12331,SEAWORLD SHIPPIN,BHARAT PETROLEUM,HOJ-I,1.29,4.59,2.94,12.0,"75,000 MT",NA,NA
M.T. DING HENG 38 [HAL12501769],2026-01-27 13:54:00,2026-01-31 10:42:00,-92h 48m,145.53,6.0,MS (COASTAL),10327,SEAPORT SERVICES,RELIANCE INFRAST,TERMINAL,0.75,6.0,3.37,,,,
M.T. DORAJI GAS [HAL12500745],2025-08-10 00:42:00,2025-08-20 09:20:00,-248h 38m,230.0,7.6,SEMI,34000,ATLANTIC/ATLANTIC,STEEL AUTHORITY,HOJ-II,2.01,3.12,2.56,13.0,"75,000 MT",NA,NA
M.T. DS COUGAR [HAL12501252R],2025-11-09 04:15:00,2025-11-18 09:42:00,-221h 27m,199.98,13.2,E-CONTAINER,455/0,FAR SHIP/FAR SHIP,HALDIA PETROCHEM,HOJ-III,1.51,4.16,2.83,,,,
M.T. DS COUGAR [HAL12501252],2025-11-08 12:30:00,2025-11-12 16:15:00,-99h 45m,158.56,7.0,12802.700,22000,SEAPORT /SEAPORT,AWL AGRI BUSINES,HOJ-I,1.81,3.65,2.73,12.0,"75,000 MT",NA,NA
M.T. DS OCEAN [HAL12500958],2025-09-28 21:36:00,2025-10-04 08:48:00,-131h 12m,190.0,8.3,HSD (COASTAL),10885,ATLANTIC/ATLANTIC,BHARAT PETROLEUM,TERMINAL,0.7,5.24,2.97,,,,
M.T. DS PANTHER [HAL12500789R],2025-08-21 18:00:00,2025-08-29 01:06:00,-175h 6m,189.99,8.1,CDSBO,19500,MSC AGENCY (INDI,GOKUL /PATANJ,HOJ-I,1.24,4.39,2.82,12.0,"75,000 MT",NA,NA
M.T. DS PANTHER [HAL12501145],2025-10-21 06:24:00,2025-10-21 12:25:00,-6h 1m,225.45,7.8,TMILL,28000,BEN LINE/SEAHORSE,VARIOUS,2,1.64,3.08,2.36,10.0,45000 MT,2,30 MT
M.T. ENEOS GUNJO [HAL12500550],2025-07-10 06:42:00,2025-07-14 13:30:00,-102h 48m,171.9,8.0,CPO,11663,ATLANTIC/ATLANTIC,INDIAN OIL CORPO,HOJ-II,1.94,3.44,2.69,13.0,"75,000 MT",NA,NA
M.T. ENEOS GUNJO [HAL12500988],2025-09-24 14:24:00,2025-09-27 13:36:00,-71h 12m,189.8,6.2,(MOP) /TMILL,11211,ATLANTIC/ATLANTIC,TATA STEEL LTD.,HOJ-II,1.74,3.07,2.4,13.0,"75,000 MT",NA,NA
M.T. FAIRWAY [HAL12500381],2025-06-07 19:12:00,2025-06-11 10:48:00,-87h 36m,171.26,8.5,REFORMATE (COASTAL),14000,ATLANTIC/ATLANTIC,INDIAN OIL CORPO,HOJ-I,0.64,5.14,2.89,12.0,"75,000 MT",NA,NA
M.T. FAIRWAY [HAL12500460R],2025-06-21 01:24:00,2025-06-29 13:06:00,-203h 42m,189.99,8.59,MANGANESE ORE /MHC,29150,GAC SHIP/SEA JEWE,VARIOUS,HOJ-II,0.72,5.71,3.22,13.0,"75,000 MT",NA,NA
M.T. FAIRWAY [HAL12500557],2025-07-12 01:42:00,2025-07-14 12:54:00,-59h 12m,128.6,8.3,COKING COAL /MHC,10000,ATLANTIC/ATLANTIC,INDIAN OIL CORPO,HOJ-I,1.92,3.09,2.51,12.0,"75,000 MT",NA,NA
M.T. FAIRWAY [HAL12500660],2025-07-26 06:00:00,2025-07-27 12:18:00,-30h 18m,121.4,7.5,BUTANE,11300,ATLANTIC/ATLANTIC,INDIAN OIL CORPO,HOJ-II,2.0,3.11,2.55,13.0,"75,000 MT",NA,NA
M.T. FAIRWAY [HAL12500736],2025-08-05 02:00:00,2025-08-14 13:54:00,-227h 54m,225.0,9.5,CPO,11774.0,MARINE L/MARINE L,EMAMI AGROTECH L,HOJ-II,0.76,5.1,2.93,13.0,"75,000 MT",NA,NA
M.T. FAIRWAY [HAL12500895R],2025-09-03 14:18:00,2025-09-16 18:00:00,-315h 42m,171.26,7.0,DISCHARGE CARGO,1000,ATLANTIC/ATLANTIC,INDIAN OIL CORPO,HOJ-I,0.81,5.47,3.14,12.0,"75,000 MT",NA,NA
M.T. FAIRWAY [HAL12500895],2025-09-05 09:06:00,2025-09-07 10:36:00,-49h 30m,226.0,8.3,PROPANE,200/0,MSC AGENCY (INDI,SLOT CHARTERER,HOJ-I,1.27,4.14,2.7,12.0,"75,000 MT",NA,NA
M.T. FAIRWAY [HAL12501190],2025-10-23 22:30:00,2025-11-04 09:48:00,-275h 18m,171.26,7.4,"(SD/SC-27500,",1700,ATLANTIC/ATLANTIC,INDIAN OIL CORPO,HOJ-I,1.96,3.15,2.55,12.0,"75,000 MT",NA,NA
M.T. FAIRWAY [HAL12501322],2025-11-15 10:12:00,2025-11-19 10:12:00,-96h 0m,170.16,8.5,BUTANE,12050,ATLANTIC/ATLANTIC,INDIAN OIL CORPO,HOJ-I,0.55,5.54,3.04,12.0,"75,000 MT",NA,NA
M.T. FAIRWAY [HAL12501424],2025-12-03 22:12:00,2025-12-17 09:30:00,-323h 18m,229.0,8.2,BUTANE,1600,ATLANTIC GLOBAL,INDIAN OIL CORPO,HOJ-I,1.7,3.88,2.79,12.0,"75,000 MT",NA,NA
M.T. FAIRWAY [HAL12501906],2026-02-14 20:42:00,2026-02-18 12:00:00,-87h 18m,124.88,6.9,BUTANE,3150,SAMUDRA MARINE S,HALDIA PETROCHEM,HOJ-I,1.23,3.84,2.53,12.0,"75,000 MT",NA,NA
M.T. FANFARE [HAL12500530],2025-07-03 12:36:00,2025-07-05 09:36:00,-45h 0m,226.0,8.2,PRODUCTS /TMILL,30000,GAC SHIP/SAKURA L,BIHAR /VARS C,4,0.45,5.73,3.09,,,,
M.T. FEATHER [HAL12501692],2026-01-14 12:06:00,2026-01-18 11:24:00,-95h 18m,224.86,14.69,CDSBO,6233,INTEROCE/INTEROCE,R.M.C /EMAMI,HOJ-I,1.15,5.23,3.19,12.0,"75,000 MT",NA,NA
M.T. FIRST LION [HAL12500921],2025-09-17 07:42:00,2025-09-18 08:12:00,-24h 30m,229.02,7.73,PROPANE,184/0,INTEROCE/INTEROCE,SLOT CHARTERER,HOJ-I,0.43,5.53,2.98,12.0,"75,000 MT",NA,NA
M.T. FORTUNE [HAL12500449],2025-06-23 10:18:00,2025-06-26 11:18:00,-73h 0m,229.0,8.2,PROPANE,11550,SAMSARA /SAMSARA,BHARAT PETROLEUM,HOJ-I,1.07,4.42,2.74,12.0,"75,000 MT",NA,NA
M.T. FORTUNE [HAL12500777],2025-08-10 00:42:00,2025-08-15 14:30:00,-133h 48m,120.15,6.0,NAPTHA (COASTAL),7500,ATLANTIC GLOBAL,INDIAN OIL CORPO,HOJ-I,2.01,3.12,2.56,12.0,"75,000 MT",NA,NA
M.T. FORTUNE [HAL12500865],2025-08-29 23:48:00,2025-09-02 05:54:00,-78h 6m,120.15,6.0,DISCHARGE CARGO,7700,ATLANTIC/ATLANTIC,INDIAN OIL CORPO,HOJ-I,0.86,4.9,2.88,12.0,"75,000 MT",NA,NA
M.T. FORTUNE [HAL12500998],2025-09-27 21:30:00,2025-09-30 16:25:00,-66h 55m,229.95,8.5,CPO,18000,GAC SHIP/SEAWORLD,AWL AGRI BUSINES,5,1.18,4.86,3.02,11.5,60000 MT,NA,NA
M.T. FORTUNE [HAL12501102],2025-10-09 10:30:00,2025-10-19 09:48:00,-239h 18m,179.99,8.4,METHYL TERT BUTYL,3150,SAMUDRA MARINE S,HALDIA/ADVANC,HOJ-I,1.87,3.34,2.61,12.0,"75,000 MT",NA,NA
M.T. FORTUNE [HAL12501210],2025-10-29 14:00:00,2025-11-03 08:48:00,-114h 48m,128.6,8.8,(COASTAL),12331,SEAWORLD SHIPPIN,BHARAT PETROLEUM,HOJ-I,0.48,5.89,3.18,12.0,"75,000 MT",NA,NA
M.T. FORTUNE [HAL12501294],2025-11-10 12:00:00,2025-11-14 17:48:00,-101h 48m,139.98,7.5,BUTANE,10443,ATLANTIC/ATLANTIC,INDIAN OIL CORPO,HOJ-I,1.29,4.88,3.08,12.0,"75,000 MT",NA,NA
M.T. FORTUNE [HAL12501459],2025-12-06 06:48:00,2025-12-25 14:15:00,-463h 27m,229.0,8.2,29635),11428,ATLANTIC/ATLANTIC,BHARAT PETROLEUM,HOJ-I,1.9,3.07,2.48,12.0,"75,000 MT",NA,NA
M.T. FORTUNE [HAL12501670],2026-01-11 03:24:00,2026-01-12 09:36:00,-30h 12m,175.0,8.3,LUBE OIL (COASTAL),10500,MSC AGENCY (INDI,BHARAT PETROLEUM,4,0.5,6.0,3.25,,,,
M.T. FORTUNE [HAL12501766],2026-01-31 16:30:00,2026-02-04 02:00:00,-81h 30m,119.98,7.2,/TMILL,12000,SEAPORT /SEAPORT,AWL AGRI BUSINES,7,1.66,3.68,2.67,11.5,"60,000 MT",NA,NA
M.T. FORTUNE [HAL12501879],2026-02-14 00:30:00,2026-02-19 12:18:00,-131h 48m,119.88,5.0,(COASTAL),10000,ATLANTIC GLOBAL,INDIAN OIL CORPO,HOJ-I,1.23,3.84,2.53,12.0,"75,000 MT",NA,NA
M.T. FRITZI N [HAL12501174],2025-10-28 21:15:00,2025-11-02 08:18:00,-107h 3m,82.98,4.5,MOTOR SPIRIT,12575,SEAWORLD SHIPPIN,BHARAT PETROLEUM,HOJ-III,0.85,5.81,3.33,,,,
M.T. FRITZI N [HAL12501776],2026-01-31 18:00:00,2026-02-05 13:00:00,-115h 0m,108.2,7.3,HOT ROLLED STEEL IN,11250,SEAWORLD SHIPPIN,HINDUSTAN PETROL,HOJ-II,1.66,3.68,2.67,13.0,"75,000 MT",NA,NA
M.T. GAS AL NEGEH [HAL12500680],2025-07-31 04:48:00,2025-08-01 15:00:00,-34h 12m,225.48,8.5,MANGANESE ORE,33520,SEA JEWE/SEA JEWE,VARIOUS,HOJ-I,0.79,5.17,2.98,12.0,"75,000 MT",NA,NA
M.T. GAS AL NEGEH [HAL12501186],2025-10-23 11:12:00,2025-10-28 14:15:00,-123h 3m,228.99,8.5,BUTANE,10900,ATLANTIC/ATLANTIC,BHARAT PETROLEUM,HOJ-II,1.96,3.15,2.55,13.0,"75,000 MT",NA,NA
M.T. GAS ARIA [HAL12501440],2025-12-08 09:00:00,2025-12-11 15:18:00,-78h 18m,143.15,6.2,COILS / TMILL,200/0,EVERETT /EVERETT,SLOT CHARTERER,HOJ-I,1.69,3.99,2.84,12.0,"75,000 MT",NA,NA
M.T. GAS ARIA [HAL12501935],2026-02-22 18:18:00,2026-03-01 09:54:00,-159h 36m,106.0,5.5,"(SD/FC-20000,Balance",3150,SAMUDRA MARINE S,HALDIA PETROCHEM,HOJ-I,0.86,5.4,3.13,12.0,"75,000 MT",NA,NA
M.T. GAS EXPLORER [HAL12500815],2025-08-25 03:30:00,2025-08-28 00:36:00,-69h 6m,225.28,8.5,MS (COASTAL),6300,J M BAXI/J M BAXI,HALDIA PETROCHEM,HOJ-I,1.75,2.89,2.32,12.0,"75,000 MT",NA,NA
M.T. GAS EXPLORER [HAL12500985],2025-09-25 12:30:00,2025-10-03 07:18:00,-186h 48m,171.26,7.0,BENZENE,7100,ATLANTIC/ATLANTIC,INDIAN OIL CORPO,HOJ-I,1.56,3.47,2.51,12.0,"75,000 MT",NA,NA
M.T. GAS EXPLORER [HAL12501183],2025-10-27 08:36:00,2025-10-31 17:24:00,-104h 48m,230.0,7.4,BITUMEN (COASTAL),12575,ATLANTIC/ATLANTIC,BHARAT PETROLEUM,HOJ-I,0.95,5.16,3.05,12.0,"75,000 MT",NA,NA
M.T. GAS EXPLORER [HAL12501340],2025-11-22 05:36:00,2025-11-24 12:30:00,-54h 54m,113.98,8.2,E-CONTAINER,4/0,FAR SHIP/FAR SHIP,SLOT CHARTERER,HOJ-I,1.82,3.24,2.53,12.0,"75,000 MT",NA,NA
M.T. GAS EXPLORER [HAL12501597],2025-12-31 13:48:00,2026-01-05 11:54:00,-118h 6m,144.03,8.5,BUTADIENE,3150,SAMUDRA MARINE S,HALDIA PETROCHEM,HOJ-I,1.11,4.55,2.83,12.0,"75,000 MT",NA,NA
M.T. GAS LIBRA [HAL12500713],2025-08-02 06:48:00,2025-08-15 14:48:00,-320h 0m,154.17,8.5,LIMESTONE / MHC,12400,ATLANTIC/ATLANTIC,BHARAT PETROLEUM,HOJ-III,0.55,6.0,3.27,,,,
M.T. GAS QUANTUM [HAL12501040],2025-10-04 10:30:00,2025-10-09 12:12:00,-121h 42m,229.0,8.2,LIMESTONE / TMILL,350/0,BEN LINE/BEN LINE,SLOT CHARTERER,HOJ-I,1.04,4.3,2.67,12.0,"75,000 MT",NA,NA
M.T. GAS QUANTUM [HAL12501631],2026-01-05 16:12:00,2026-01-06 13:50:00,-21h 38m,228.99,8.0,I-CONTAINER,10591,ATLANTIC/ATLANTIC,INDIAN/BHARAT,HOJ-I,1.79,3.17,2.48,12.0,"75,000 MT",NA,NA
M.T. GAS QUANTUM [HAL12501965],2026-03-01 13:00:00,2026-03-02 10:36:00,-21h 36m,229.0,8.5,ATF(COASTAL),30000,GAC SHIP/GAC SHIP,TATA STEEL LTD.,HOJ-I,1.57,3.91,2.74,12.0,"75,000 MT",NA,NA
M.T. GAS UNITED [HAL12501303],2025-11-16 22:24:00,2025-11-18 09:36:00,-35h 12m,142.7,8.5,MS,141/25,TRANSWORLD GLOBA,SLOT CHARTERER,HOJ-I,0.77,5.02,2.89,12.0,"75,000 MT",NA,NA
M.T. GAS VELA [HAL12500747],2025-08-15 21:00:00,2025-08-21 10:24:00,-133h 24m,147.87,8.5,CPO,18000,BEN LINE/BEN LINE,HALDIA PETROCHEM,HOJ-III,0.74,5.36,3.05,,,,
M.T. GAS VIRGO [HAL12501021],2025-10-03 20:12:00,2025-10-05 10:06:00,-37h 54m,229.95,8.5,PYROXENITE /TMILL,27840,SEATRANS/SEATRANS,ANDHRA PRADESH P,HOJ-III,0.97,5.14,3.05,,,,
M.T. GAS YOUNG [HAL12501193],2025-10-29 14:00:00,2025-10-30 16:54:00,-26h 54m,229.0,8.5,PROPANE,11936,ATLANTIC/ATLANTIC,INDIAN OIL CORPO,HOJ-II,0.48,5.89,3.18,13.0,"75,000 MT",NA,NA
M.T. GAS YOUNG [HAL12501407],2025-12-01 02:12:00,2025-12-04 10:00:00,-79h 48m,143.15,8.5,PROPANE,11550,ATLANTIC/ATLANTIC,HINDUSTAN PETROL,HOJ-II,1.15,5.14,3.15,13.0,"75,000 MT",NA,NA
M.T. GLOBAL EOS [HAL12501932],2026-02-22 19:30:00,2026-02-24 21:30:00,-50h 0m,158.43,7.0,CDSBO,18000,ATLANTIC/ATLANTIC,AWL AGRI BUSINES,4,0.86,5.4,3.13,,,,
M.T. GLOBE ATLAS [HAL12501038],2025-10-01 08:15:00,2025-10-07 10:48:00,-146h 33m,115.33,8.0,PROPANE,23970,SEATRANS/SEATRANS,VARIOUS,HOJ-II,0.37,5.76,3.06,13.0,"75,000 MT",NA,NA
M.T. GOLDEN CURL [HAL12500995],2025-09-27 04:18:00,2025-09-28 16:42:00,-36h 24m,184.06,7.6,BUTADIENE,27883,SEA JEWE/SEA JEWE,EMAMI AGROTECH L,5,1.18,4.86,3.02,11.5,60000 MT,NA,NA
M.T. GOLDEN CURL [HAL12501538],2025-12-21 09:54:00,2025-12-23 16:18:00,-54h 24m,149.0,8.5,HDC/MHC-36031),14000,SEAPORT /SEAPORT,EMAMI AGROTECH L,8,2.0,3.26,2.63,,,,
M.T. GRACE [HAL12501302],2025-11-17 22:40:00,2025-11-18 10:00:00,-11h 20m,115.34,6.8,"(SD/SC-34000,HDC/MHC",12000,ALAP CAR/ALAP CAR,INDORAMA INDIA P,TERMINAL,1.25,4.59,2.92,,,,
M.T. GREEN SACHI [HAL12500503],2025-06-30 21:00:00,2025-07-01 14:48:00,-17h 48m,225.48,8.2,PARAXYLENE,10422,SAMUDRA MARINE S,MCPI PRIVATE LIM,HOJ-II,1.41,4.33,2.87,13.0,"75,000 MT",NA,NA
M.T. GREEN SACHI [HAL12501079],2025-10-05 23:48:00,2025-10-11 13:00:00,-133h 12m,173.7,7.95,BUTANE,10561,ATLANTIC/ATLANTIC,INDIAN OIL CORPO,HOJ-III,1.59,3.93,2.76,,,,
M.T. GREEN SACHI [HAL12501422],2025-12-04 08:00:00,2025-12-16 10:00:00,-290h 0m,82.98,4.5,MANGANESE ORE,11500,ATLANTIC/ATLANTIC,BHARAT PETROLEUM,HOJ-III,1.9,3.39,2.65,,,,
M.T. GREEN SACHI [HAL12501689],2026-01-17 11:48:00,2026-01-18 11:54:00,-24h 6m,142.7,8.0,(SD/FC-13845/HDC/TMIL,41700,SEAPORT /SEAPORT,VARIOUS,HOJ-III,1.77,3.32,2.55,,,,
M.T. GREEN SACHI [HAL12501966],2026-02-25 17:30:00,2026-03-01 10:24:00,-88h 54m,225.25,8.5,cargo to be,11040,ATLANTIC/ATLANTIC,BHARAT PETROLEUM,HOJ-III,0.62,6.02,3.32,,,,
M.T. GREEN SANVI [HAL12500309],2025-05-27 23:18:00,2025-06-03 16:54:00,-161h 36m,225.28,8.5,PROPANE,11054,SAMSARA /SAMSARA,BHARAT PETROLEUM,HOJ-III,,,,,,,
M.T. GREEN SANVI [HAL12501084],2025-10-06 13:00:00,2025-10-17 09:12:00,-260h 12m,225.28,8.2,BUTANE,10318,ATLANTIC/ATLANTIC,INDIAN OIL CORPO,HOJ-III,1.91,3.52,2.71,,,,
M.T. GREEN SANVI [HAL12501173],2025-10-22 20:42:00,2025-10-28 14:36:00,-137h 54m,199.95,8.5,I-CONTAINER,9650,ATLANTIC/ATLANTIC,INDIAN OIL CORPO,HOJ-III,2.09,3.21,2.65,,,,
M.T. GREEN SARITA [HAL12500454],2025-06-28 00:05:00,2025-06-30 14:36:00,-62h 31m,115.33,8.4,COKING COAL / ISPHL,12039,TM INTER/TM INTER,HALDIA PETROCHEM,HOJ-III,1.99,3.41,2.7,,,,
M.T. GREEN SARITA [HAL12500685],2025-07-29 20:00:00,2025-08-10 12:24:00,-280h 24m,225.27,8.4,PROPANE,11175,SAMSARA /SAMSARA,BHARAT PETROLEUM,HOJ-III,1.43,3.99,2.71,,,,
M.T. GREEN SARITA [HAL12500875],2025-09-06 13:24:00,2025-09-12 13:48:00,-144h 24m,225.27,8.5,IRON ORE FINES /MHC,11461,SAMSARA /SAMSARA,BHARAT PETROLEUM,HOJ-III,1.42,3.44,2.43,,,,
M.T. GREEN SARITA [HAL12500935],2025-09-15 19:54:00,2025-09-18 08:54:00,-61h 0m,228.99,8.0,NAPTHA (COASTAL),11500,BEN LINE/TM INTER,HINDUSTAN PETROL,HOJ-III,0.57,6.0,3.29,,,,
M.T. GREEN SHAKTI [HAL12500578],2025-07-13 21:00:00,2025-07-17 15:00:00,-90h 0m,158.93,7.6,I-CONTAINER,6500,INTEROCE/INTEROCE,STEEL AUTHORITY,HOJ-I,1.86,3.44,2.65,12.0,"75,000 MT",NA,NA
M.T. GREEN SHAKTI [HAL12500813],2025-08-26 06:20:00,2025-08-27 13:00:00,-30h 40m,225.28,8.5,PROJECT CARGO /,27000,J M BAXI/J M BAXI,SHYAM /BIHAR,HOJ-II,1.72,3.24,2.48,13.0,"75,000 MT",NA,NA
M.T. GREEN SHAKTI [HAL12500864],2025-09-02 01:54:00,2025-09-08 11:30:00,-153h 36m,142.7,8.3,ETHER,142/78,EASTERN LINER SH,SLOT CHARTERER,HOJ-II,0.53,5.78,3.16,13.0,"75,000 MT",NA,NA
M.T. GREEN SHAKTI [HAL12501359],2025-11-24 09:54:00,2025-11-25 13:36:00,-27h 42m,149.6,6.5,COKING COAL / MHC,12900,ATLANTIC/ATLANTIC,HINDUS/INDIAN,HOJ-II,1.37,4.3,2.84,13.0,"75,000 MT",NA,NA
M.T. GREEN SHAKTI [HAL12501416],2025-11-30 14:54:00,2025-12-01 07:48:00,-16h 54m,224.94,8.3,PROPANE,12070,ATLANTIC/ATLANTIC,HINDUSTAN PETROL,HOJ-II,0.9,5.69,3.3,13.0,"75,000 MT",NA,NA
M.T. GT VICTORY [HAL12501456],2025-12-11 09:30:00,2025-12-14 15:36:00,-78h 6m,149.6,8.4,E-CONTAINER,100/53,EVERETT (INDIA),SLOT CHARTERER,TERMINAL,0.79,5.69,3.24,,,,
M.T. HAFNIA HAWK [HAL12500327],2025-05-30 13:30:00,2025-06-01 06:12:00,-40h 42m,183.0,8.0,BUTANE,16677,ATLANTIC/ATLANTIC,INDIAN OIL CORPO,7,,,,11.5,"60,000 MT",NA,NA
M.T. HAFNIA YARRA [HAL12501427],2025-12-08 03:12:00,2025-12-10 15:42:00,-60h 30m,143.15,6.2,HOT ROLLED STEEL,26/33,MSC AGENCY (INDI,SLOT CHARTERER,HOJ-III,1.69,3.99,2.84,,,,
M.T. HAI YAN [HAL12500897],2025-09-10 23:30:00,2025-09-13 05:42:00,-54h 12m,117.6,7.9,BITUMEN,178/0,UNIFEEDE/UNIFEEDE,SLOT CHARTERER,5,1.62,3.32,2.47,11.5,60000 MT,NA,NA
M.T. HAI YAN [HAL12501955],2026-02-28 20:42:00,2026-03-04 02:55:00,-78h 13m,117.27,5.4,ELECTRODE BINDER,14362,SEAPORT /SEAPORT,AWL AG/KANPUR/PA,6,1.13,4.39,2.76,11.5,"60,000 MT",NA,NA
M.T. HAIYU 809 [HAL12500708],2025-08-02 07:30:00,2025-08-04 21:00:00,-61h 30m,179.5,7.4,PROPANE,13989,MARINE L/MARINE L,EMAMI AGROTECH L,6,0.55,6.0,3.27,11.5,"60,000 MT",NA,NA
M.T. HAIYU 809 [HAL12501888],2026-02-15 18:12:00,2026-02-17 13:06:00,-42h 54m,158.56,7.0,",HDC/ISPHL-29490)",25075,PHAROS S/PHAROS S,AGARWA/SHREAS/SU,6,1.51,3.31,2.41,11.5,"60,000 MT",NA,NA
M.T. HARI AKASH [HAL12500463],2025-06-21 21:36:00,2025-06-23 08:30:00,-34h 54m,230.0,8.3,HSD(COASTAL),5300,ATLANTIC/ATLANTIC,INDIAN OIL CORPO,HOJ-I,0.72,5.71,3.22,12.0,"75,000 MT",NA,NA
M.T. HARI AKASH [HAL12500563],2025-07-07 17:30:00,2025-07-09 22:06:00,-52h 36m,128.6,8.3,MS (COASTAL),11663,ATLANTIC/ATLANTIC,INDIAN OIL CORPO,HOJ-I,1.14,5.14,3.14,12.0,"75,000 MT",NA,NA
M.T. HARI AKASH [HAL12500655],2025-07-23 21:06:00,2025-07-26 11:42:00,-62h 36m,190.0,7.9,MS (COASTAL),1600,ATLANTIC/ATLANTIC,INDIAN OIL CORPO,HOJ-I,1.51,4.3,2.91,12.0,"75,000 MT",NA,NA
M.T. HARI AKASH [HAL12500814],2025-08-22 11:06:00,2025-08-27 00:24:00,-109h 18m,128.6,6.0,CDSBO,5790,ALAP CAR/ALAP CAR,INDIAN OIL CORPO,HOJ-I,1.66,3.92,2.79,12.0,"75,000 MT",NA,NA
M.T. HARI AKASH [HAL12501376],2025-11-25 21:48:00,2025-12-06 12:00:00,-254h 12m,200.0,8.4,NAPTHA,28000,ATLANTIC/ATLANTIC,HALDIA PETROCHEM,HOJ-I,0.92,4.78,2.85,12.0,"75,000 MT",NA,NA
M.T. HARI AKASH [HAL12501653],2026-01-20 16:48:00,2026-01-10 15:18:00,241h 30m,183.0,6.4,HSD (COASTAL),5600,ATLANTIC/ATLANTIC,INDIAN OIL CORPO,HOJ-I,1.76,3.28,2.52,12.0,"75,000 MT",NA,NA
M.T. HARI AKASH [HAL12501834],2026-02-05 10:30:00,2026-02-08 13:48:00,-75h 18m,229.0,8.2,CDSBO,11764,ATLANTIC/ATLANTIC,INDIAN/BHARAT,HOJ-I,1.35,3.83,2.59,12.0,"75,000 MT",NA,NA
M.T. HARI AKASH [HAL12502003],2026-03-01 23:00:00,2026-03-09 13:42:00,-182h 42m,225.3,8.4,PITCH /TMILL,27000,GAC SHIP/GAC SHIP,VARIOUS,HOJ-I,1.57,3.91,2.74,12.0,"75,000 MT",NA,NA
M.T. HARI LEELA [HAL12501573],2025-12-24 10:18:00,2025-12-27 16:48:00,-78h 30m,228.0,8.2,BUTADIENE,18091,TM INTER/TM INTER,TATA STEEL LTD.,HOJ-III,1.08,4.56,2.82,,,,
M.T. HELEN M [HAL12500992],2025-09-23 14:52:00,2025-09-24 12:18:00,-21h 26m,189.8,6.2,PROPANE,11447,ATLANTIC/ATLANTIC,STEEL AUTHORITY,HOJ-III,2.02,3.12,2.57,,,,
M.T. HEMERA [HAL12501243],2025-11-05 22:30:00,2025-11-06 16:24:00,-17h 54m,225.0,8.0,PROPANE,22000,TM INTER/TM INTER,TATA STEEL LTD.,7,1.97,3.28,2.63,11.5,"60,000 MT",NA,NA
M.T. HIGH TIDE [HAL12500697],2025-08-03 05:36:00,2025-08-06 09:36:00,-76h 0m,138.73,8.4,HSD (COASTAL),111593,ATLANTIC/ATLANTIC,INDIAN/BHARAT,HOJ-III,0.7,6.14,3.42,,,,
M.T. HIGH TIDE [HAL12501235],2025-11-06 02:30:00,2025-11-08 13:00:00,-58h 30m,143.15,8.5,PARAXYLENE,49840,KANOO SH/TM INTER,TATA STEEL LTD.,HOJ-III,1.85,2.95,2.4,,,,
M.T. HIGH TIDE [HAL12501465],2025-12-11 08:00:00,2025-12-14 06:48:00,-70h 48m,82.98,4.5,MANGANESE ORE / MHC,21800,CHAKIAT SHIPPING,VARIOUS,HOJ-III,0.79,5.69,3.24,,,,
M.T. HIGH TIDE [HAL12501662],2026-01-09 18:42:00,2026-01-14 21:12:00,-122h 30m,228.99,14.48,COAL TAR PITCH,18000,ATLANTIC/ATLANTIC,HALDIA PETROCHEM,HOJ-III,0.85,5.47,3.16,,,,
M.T. HISUI [HAL12500517],2025-07-05 20:00:00,2025-07-07 09:06:00,-37h 6m,115.33,8.4,00),26000,SEA CHHA/LIBERTY,RASHMI METALIKS,HOJ-II,0.73,6.06,3.39,13.0,"75,000 MT",NA,NA
M.T. HISUI [HAL12500941],2025-09-14 05:36:00,2025-09-19 09:36:00,-124h 0m,174.38,8.7,I-CONTAINER,35000,SEATRANS/SEATRANS,NARSINGH MERCANT,HOJ-II,0.51,5.53,3.02,13.0,"75,000 MT",NA,NA
M.T. HISUI [HAL12501143],2025-10-20 01:36:00,2025-10-21 11:12:00,-33h 36m,229.0,8.2,MANGANESE ORE /MHC,180/0,MSC AGENCY (INDI,SLOT CHARTERER,HOJ-II,1.62,3.72,2.67,13.0,"75,000 MT",NA,NA
M.T. HISUI [HAL12501545],2025-12-19 01:18:00,2025-12-22 12:36:00,-83h 18m,138.11,8.3,LIMESTONE / MHC,18772,ATLANTIC/ATLANTIC,RELIANCE INFRAST,HOJ-II,1.71,3.06,2.39,13.0,"75,000 MT",NA,NA
M.T. HISUI [HAL12501937],2026-02-23 10:06:00,2026-02-24 15:48:00,-29h 42m,189.99,7.88,BUTADIENE,80520,SEATRANS/SEATRANS,INDIAN OIL CORPO,HOJ-II,0.52,5.7,3.11,13.0,"75,000 MT",NA,NA
M.T. HONG HAO [HAL12501125],2025-10-17 12:15:00,2025-10-21 09:48:00,-93h 33m,199.98,7.85,Berth,3150,EVERETT (INDIA),HALDIA PETROCHEM,HOJ-I,0.82,5.55,3.18,12.0,"75,000 MT",NA,NA
M.T. HONG RUI [HAL12501866],2026-02-14 00:30:00,2026-02-17 11:36:00,-83h 6m,148.0,6.5,LIMESTONE /TMILL,9000,ATLANTIC/ATLANTIC,HINDUSTAN PETROL,HOJ-I,1.23,3.84,2.53,12.0,"75,000 MT",NA,NA
M.T. HY ANGEL [HAL12501147],2025-10-18 00:06:00,2025-10-20 13:50:00,-61h 44m,199.98,7.85,MONO ETHYLENE,5546,ATLANTIC/ATLANTIC,RELIANCE INFRAST,4,1.14,5.04,3.09,,,,
M.T. JAG PANKHI [HAL12501261],2025-11-05 23:54:00,2025-11-07 12:48:00,-36h 54m,229.0,8.0,CDSBO,12500,ATLANTIC/ATLANTIC,JALNID/INDIAN,HOJ-II,1.97,3.28,2.63,13.0,"75,000 MT",NA,NA
M.T. JAG PANKHI [HAL12501479],2025-12-10 21:18:00,2025-12-15 08:00:00,-106h 42m,82.98,4.5,HSD (COASTAL),6078,CHAKIAT /CHAKIAT,HINDUSTAN PETROL,HOJ-I,1.02,5.14,3.08,12.0,"75,000 MT",NA,NA
M.T. JAG POOJA [HAL12500778],2025-08-14 23:05:00,2025-08-19 08:54:00,-105h 49m,229.0,8.1,I-CONTAINER,27/11,EASTERN LINER SH,SLOT CHARTERER,HOJ-I,1.06,4.83,2.94,12.0,"75,000 MT",NA,NA
M.T. JAG PRAKASH [HAL12500369],2025-06-13 16:24:00,2025-06-14 13:00:00,-20h 36m,142.7,8.3,PROPANE,10500,SAMSARA /SAMSARA,BHARAT PETROLEUM,HOJ-III,1.7,2.99,2.34,,,,
M.T. JAG PUSHPA [HAL12501135],2025-10-17 17:42:00,2025-10-20 10:48:00,-65h 6m,199.98,7.85,I-CONTAINER,11285,SAMUDRA MARINE S,RELIANCE INFRAST,HOJ-III,0.82,5.55,3.18,,,,
M.T. JAG PUSHPA [HAL12501179],2025-11-01 06:45:00,2025-11-06 11:06:00,-124h 21m,216.99,8.3,I-CONTAINER,10000,J M BAXI/J M BAXI,INDIAN OIL CORPO,HOJ-I,0.75,5.25,3.0,12.0,"75,000 MT",NA,NA
M.T. JAG VASANT [HAL12500379],2025-06-12 11:42:00,2025-06-17 15:00:00,-123h 18m,229.0,7.37,I-CONTAINER,3/0,FAR SHIP/FAR SHIP,SLOT CHARTERER,HOJ-III,1.81,2.91,2.36,,,,
M.T. JAG VASANT [HAL12500425],2025-06-22 07:48:00,2025-06-24 09:42:00,-49h 54m,224.9,8.0,BUTANE,11550,J M BAXI/STEEL AU,BHARAT PETROLEUM,HOJ-III,1.08,5.34,3.21,,,,
M.T. JAG VASANT [HAL12500936],2025-09-15 19:48:00,2025-09-22 11:30:00,-159h 42m,228.65,8.2,HSD (COASTAL),31000,ATLANTIC/ATLANTIC,TATA STEEL LTD.,HOJ-III,0.57,6.0,3.29,,,,
M.T. JAG VASANT [HAL12501849],2026-02-11 16:12:00,2026-02-15 10:30:00,-90h 18m,148.0,6.5,I-CONTAINER,221/17,TM INTER/TM INTER,SLOT CHARTERER,HOJ-III,0.81,5.91,3.36,,,,
M.T. JAG VIRAAT [HAL12500634],2025-07-24 19:30:00,2025-07-25 11:48:00,-16h 18m,229.0,7.5,BENZENE,23000,INTEROCE/INTEROCE,PCBL CHEMICAL LI,HOJ-II,1.61,3.56,2.58,13.0,"75,000 MT",NA,NA
M.T. JAG VIRAAT [HAL12501272],2025-11-07 12:15:00,2025-11-11 16:18:00,-100h 3m,170.0,8.2,MS (COASTAL),10000,WILHELMS/WILHELMS,BHARAT PETROLEUM,HOJ-I,1.87,3.16,2.51,12.0,"75,000 MT",NA,NA
M.T. JAG VIRAAT [HAL12501876],2026-02-15 19:25:00,2026-02-17 12:00:00,-40h 35m,183.21,8.2,CPO,25/0,UNIFEEDE/UNIFEEDE,SLOT CHARTERER,HOJ-II,1.51,3.31,2.41,13.0,"75,000 MT",NA,NA
M.T. JAG VISHNU [HAL12500615],2025-07-24 07:00:00,2025-07-25 11:48:00,-28h 48m,198.0,8.5,PROPANE,12300,SAMSARA /SAMSARA,BHARAT PETROLEUM,HOJ-III,1.61,3.56,2.58,,,,
M.T. JAG VISHNU [HAL12500682],2025-07-30 10:00:00,2025-08-04 19:48:00,-129h 48m,230.0,8.0,BUTANE,11175,SAMSARA /SAMSARA,BHARAT PETROLEUM,HOJ-III,1.33,4.82,3.07,,,,
M.T. JAG VISHNU [HAL12501207],2025-10-31 13:42:00,2025-11-06 11:18:00,-141h 36m,200.0,8.55,LUBRICATING OIL,10000,ATLANTIC/ATLANTIC,BHARAT PETROLEUM,HOJ-III,0.76,5.91,3.33,,,,
M.T. JAG VISHNU [HAL12501292],2025-11-12 04:54:00,2025-11-12 17:00:00,-12h 6m,159.03,8.0,MANGANESE ORE,11700,ATLANTIC/ATLANTIC,BHARAT PETROLEUM,HOJ-III,0.81,5.95,3.38,,,,
M.T. JAG VISHNU [HAL12501490],2025-12-15 16:48:00,2025-12-19 11:12:00,-90h 24m,111.4,7.1,I-CONTAINER,33000,ATLANTIC/ATLANTIC,STEEL AUTHORITY,HOJ-III,0.66,5.24,2.95,,,,
M.T. JAG VISHNU [HAL12501990],2026-03-03 07:48:00,2026-03-05 12:30:00,-52h 42m,229.0,8.5,PCI COAL,12000.0,WILHELMS/WILHELMS,BHARAT PETROLEUM,HOJ-I,1.75,2.93,2.34,12.0,"75,000 MT",NA,NA
M.T. JORYA [HAL12501912],2026-02-21 08:30:00,2026-02-23 09:12:00,-48h 42m,145.0,7.6,COKING COAL / MHC,120/0,EVERETT /EVERETT,SLOT CHARTERER,7,1.24,4.92,3.08,11.5,"60,000 MT",NA,NA
M.T. KAVOMALEAS [HAL12501588],2026-01-01 00:12:00,2026-01-04 13:00:00,-84h 48m,225.28,8.5,NAPTHA,19500,SEAHORSE/SEAHORSE,SHARP /SHYAM /BD,HOJ-III,1.26,3.78,2.52,,,,
M.T. LEADER [HAL12501274],2025-11-09 00:01:00,2025-11-10 14:42:00,-38h 41m,187.88,8.64,E-CONTAINER,10909,ATLANTIC/ATLANTIC,HALDIA PETROCHEM,HOJ-III,1.51,4.16,2.83,,,,
M.T. LEO GREEN [HAL12501034],2025-09-28 09:30:00,2025-10-02 08:00:00,-94h 30m,141.0,7.1,BUTADIENE,32051,INTEROCE/STEEL AU,STEEL AUTHORITY,HOJ-III,0.7,5.24,2.97,,,,
M.T. LIAN HAI 101 [HAL12500957],2025-09-18 02:10:00,2025-09-23 02:24:00,-120h 14m,225.0,8.0,I-CONTAINER,30500,ATLANTIC/ATLANTIC,HALDIA PETROCHEM,6,0.8,5.22,3.01,11.5,"60,000 MT",NA,NA
M.T. LITTLEMILL [HAL12501281],2025-11-10 16:54:00,2025-11-15 21:42:00,-124h 48m,187.88,8.64,NAPTHA,56829,JAMES MA/SEAVISIO,AWL AGRI BUSINES,4,1.29,4.88,3.08,,,,
M.T. MAC LONDON [HAL12500868],2025-09-05 20:06:00,2025-09-06 07:12:00,-11h 6m,199.99,7.2,I-CONTAINER,11522,GAC SHIP/SEAHORSE,MCPI PRIVATE LIM,TERMINAL,1.27,4.14,2.7,,,,
M.T. MADO [HAL12501075],2025-10-12 17:10:00,2025-10-14 17:30:00,-48h 20m,228.99,8.2,LENTILS (HDC-20027.54,11126,INTEROCE/INTEROCE,INDIAN OIL CORPO,HOJ-I,0.84,4.79,2.81,12.0,"75,000 MT",NA,NA
M.T. MAERSK CAPRI [HAL12500647],2025-07-28 17:00:00,2025-07-31 18:18:00,-73h 18m,138.73,8.4,COKING COAL / MHC,10473,ATLANTIC/SEAPORT,MCPI PRIVATE LIM,4,1.73,3.5,2.61,,,,
M.T. MANDALA [HAL12500426],2025-06-21 03:54:00,2025-06-23 01:54:00,-46h 0m,154.51,8.6,COKING COAL / MHC,5002,ATLANTIC/ATLANTIC,UNITED FUTURISTI,7,0.72,5.71,3.22,11.5,"60,000 MT",NA,NA
M.T. MAPLE GAS [HAL12501035],2025-09-29 23:30:00,2025-10-05 09:48:00,-130h 18m,158.56,7.0,ATF (COASTAL),9521,SAMUDRA MARINE S,MCPI PRIVATE LIM,HOJ-II,0.73,5.92,3.33,13.0,"75,000 MT",NA,NA
M.T. MAPLE OCEAN [HAL12500585],2025-07-16 04:48:00,2025-07-18 15:15:00,-58h 27m,147.87,8.0,E-CONTAINER,30000,FAR SHIP/FAR SHIP,TATA INTERNATION,TERMINAL,1.03,5.16,3.1,,,,
M.T. MARIGOLD [HAL12501118],2025-10-15 22:00:00,2025-10-16 12:15:00,-14h 15m,154.51,8.5,LIMESTONE / MHC,5979,ATLANTIC/ATLANTIC,HINDUSTAN PETROL,7,0.55,6.05,3.3,11.5,"60,000 MT",NA,NA
M.T. MEISSA [HAL12501364],2025-11-29 16:00:00,2025-12-02 10:00:00,-66h 0m,228.9,14.5,CPO,12353,UNIVERSA/UNIVERSA,GOKUL AGRO RESOU,HOJ-III,0.64,5.97,3.3,,,,
M.T. MISSION [HAL12501273],2025-11-09 01:42:00,2025-11-14 07:00:00,-125h 18m,187.88,8.64,I-CONTAINER,29600,ATLANTIC/INTEROCE,RELIANCE INFRAST,HOJ-III,1.51,4.16,2.83,,,,
M.T. MT ZY GALAXY [HAL12500955],2025-09-19 03:54:00,2025-09-19 23:30:00,-19h 36m,142.7,8.2,NAPTHA,28000,SEATRANS/STEEL AU,SLOT CHARTERER,5,1.0,4.53,2.77,11.5,60000 MT,NA,NA
M.T. NANDA DEVI [HAL12500403],2025-06-12 21:09:00,2025-06-15 15:00:00,-65h 51m,147.87,8.5,PROPANE,11050,ATLANTIC/ATLANTIC,HINDUSTAN PETROL,HOJ-I,1.81,2.91,2.36,12.0,"75,000 MT",NA,NA
M.T. NANDA DEVI [HAL12500846],2025-09-01 21:00:00,2025-09-04 09:30:00,-60h 30m,228.99,8.2,PROPANE,9872,SAMSARA /SAMSARA,BHARAT PETROLEUM,HOJ-III,0.53,6.03,3.28,,,,
M.T. NANDA DEVI [HAL12501889],2026-02-11 17:48:00,2026-02-15 11:00:00,-89h 12m,179.53,8.1,"(HDC-20900,",20000,TM INTER/TM INTER,TATA STEEL LTD.,HOJ-I,0.81,5.91,3.36,12.0,"75,000 MT",NA,NA
M.T. NORD MIRAI [HAL12500427],2025-06-20 04:20:00,2025-06-22 07:54:00,-51h 34m,229.0,8.0,WR,27378,GAC SHIP/GAC SHIP,RUNGTA MINES LIM,TERMINAL,0.55,5.97,3.26,,,,
M.T. NORD VIRAGE [HAL12501939],2026-02-27 08:24:00,2026-02-28 22:48:00,-38h 24m,229.0,8.5,LUBE OIL (COASTAL),11000,SAMSARA /TM INTER,TATA STEEL LTD.,4,1.09,5.26,3.17,,,,
M.T. NV SUNSHINE [HAL12500657],2025-07-27 15:40:00,2025-07-31 15:00:00,-95h 20m,138.73,8.4,MOTOR SPIRIT,11994,ATLANTIC/SEAPORT,BHARAT PETROLEUM,HOJ-III,2.03,3.28,2.66,,,,
M.T. NV SUNSHINE [HAL12500947],2025-09-18 18:48:00,2025-09-25 12:40:00,-161h 52m,143.15,8.0,COKING COAL / MHC,10200,EVERETT (INDIA),HALDIA PETROCHEM,HOJ-II,0.8,5.22,3.01,13.0,"75,000 MT",NA,NA
M.T. NV SUNSHINE [HAL12501227],2025-11-02 02:30:00,2025-11-04 09:54:00,-55h 24m,149.6,6.5,CDSBO,5000,ATLANTIC/ATLANTIC,AWL AGRI BUSINES,HOJ-II,1.04,4.66,2.85,13.0,"75,000 MT",NA,NA
M.T. NV SUNSHINE [HAL12501712],2026-01-19 02:18:00,2026-01-21 12:30:00,-58h 12m,146.19,6.5,(SD/FC-13845/HDC/TMIL,18400,INTEROCE/SEATRANS,MAHALA/MAHALA/M,HOJ-II,1.9,3.05,2.47,13.0,"75,000 MT",NA,NA
M.T. NY LORD [HAL12501716],2026-01-18 03:30:00,2026-01-18 12:06:00,-8h 36m,229.0,8.5,PROPANE,11861,ATLANTIC/ATLANTIC,BHARAT PETROLEUM,HOJ-II,2.0,3.15,2.58,13.0,"75,000 MT",NA,NA
M.T. NYLEX1 [HAL12500448R],2025-06-21 21:18:00,2025-07-03 16:00:00,-282h 42m,107.35,5.5,MS,5500,ISS SHIP/ISS SHIP,HALDIA PETROCHEM,HOJ-I,0.72,5.71,3.22,12.0,"75,000 MT",NA,NA
M.T. NYLEX1 [HAL12500448],2025-06-22 01:06:00,2025-06-24 09:06:00,-56h 0m,225.27,8.5,PROPANE,4818,ISS SHIP/ISS SHIP,ADVANCED,HOJ-I,1.08,5.34,3.21,12.0,"75,000 MT",NA,NA
M.T. OCEAN GAS [HAL12500312],2025-05-28 19:06:00,2025-06-03 16:24:00,-141h 18m,225.28,8.3,BUTANE,10542,SAMSARA /SAMSARA,BHARAT PETROLEUM,HOJ-I,,,,12.0,"75,000 MT",NA,NA
M.T. OCEAN HOPE [HAL12501962],2026-03-02 03:00:00,2026-03-02 16:30:00,-13h 30m,229.0,8.1,COKING COAL,11800.0,WILHELMS/WILHELMS,HINDUS/INDIAN,6,1.85,3.46,2.66,11.5,"60,000 MT",NA,NA
M.T. OGINO PARK [HAL12501647],2026-01-13 23:45:00,2026-01-14 09:54:00,-10h 9m,182.99,8.2,CSFSO,10004,TRANSWORLD GLOBA,INDORAMA INDIA P,5,0.85,5.72,3.28,11.5,60000 MT,NA,NA
M.T. PADMANABH [HAL12501796],2026-01-30 08:15:00,2026-02-02 04:48:00,-68h 33m,183.0,6.6,BUTANE,10750,INTEROCE/INTERGLO,BHARAT PETROLEUM,7,1.38,4.26,2.82,11.5,"60,000 MT",NA,NA
M.T. PB ATHICHA [HAL12500635R],2025-07-25 16:50:00,2025-08-06 21:42:00,-292h 52m,228.99,8.0,NAPTHA (COASTAL),10009,ATLANTIC/ATLANTIC,BHARAT PETROLEUM,HOJ-I,1.83,3.18,2.51,12.0,"75,000 MT",NA,NA
M.T. PEBBLES [HAL12500409],2025-06-13 00:30:00,2025-06-14 00:18:00,-23h 48m,228.99,8.3,BUTANE,12000,ATLANTIC/ATLANTIC,HINDUSTAN PETROL,HOJ-I,1.7,2.99,2.34,12.0,"75,000 MT",NA,NA
M.T. PEBBLES [HAL12500643],2025-07-20 13:05:00,2025-07-22 20:24:00,-55h 19m,110.67,8.2,PROPANE,12300,SAMSARA /SAMSARA,BHARAT PETROLEUM,HOJ-I,0.6,5.8,3.2,12.0,"75,000 MT",NA,NA
M.T. PEBBLES [HAL12500782],2025-08-09 09:54:00,2025-08-20 20:12:00,-274h 18m,129.2,6.2,MS (COASTAL),9954,ATLANTIC/ATLANTIC,INDIAN OIL CORPO,HOJ-I,1.68,2.92,2.3,12.0,"75,000 MT",NA,NA
M.T. PEBBLES [HAL12500989],2025-09-25 07:00:00,2025-10-04 08:30:00,-217h 30m,99.98,4.5,MS (COASTAL),3150,SAMUDRA MARINE S,HALDIA PETROCHEM,HOJ-I,1.56,3.47,2.51,12.0,"75,000 MT",NA,NA
M.T. PEBBLES [HAL12501678],2026-01-03 20:30:00,2026-01-13 17:18:00,-236h 48m,179.93,7.0,CDSBO,33000,J M BAXI/STEEL AU,STEEL AUTHORITY,HOJ-I,1.7,2.93,2.31,12.0,"75,000 MT",NA,NA
M.T. PEBBLES [HAL12501789],2026-01-28 03:48:00,2026-02-02 11:24:00,-127h 36m,120.0,8.5,PROPANE,10000,ATLANTIC GLOBAL,INDIAN OIL CORPO,HOJ-I,0.68,5.34,3.01,12.0,"75,000 MT",NA,NA
M.T. PEBBLES [HAL12501963],2026-02-26 14:30:00,2026-02-27 20:00:00,-29h 30m,129.2,6.2,BUTANE,11234,ATLANTIC/ATLANTIC,BHARAT PETROLEUM,HOJ-I,0.85,5.78,3.31,12.0,"75,000 MT",NA,NA
M.T. PIGEON POINT [HAL12501116],2025-10-13 07:54:00,2025-10-26 14:06:00,-318h 12m,189.99,8.3,NAPTHA (COASTAL),33660,INFINITY/SEA JEWE,VARIOUS,HOJ-II,0.59,5.35,2.97,13.0,"75,000 MT",NA,NA
M.T. PINAR GAS [HAL12500334],2025-06-02 23:00:00,2025-06-03 17:18:00,-18h 18m,158.56,7.0,I-CONTAINER,22000,LIBERTY /LIBERTY,RASHMI/ORISSA,HOJ-II,0.87,5.08,2.97,13.0,"75,000 MT",NA,NA
M.T. PINE GAS [HAL12501098],2025-10-11 15:36:00,2025-10-17 08:42:00,-137h 6m,170.16,8.5,BUTANE,27000,SEATRANS/STEEL AU,STEEL AUTHORITY,HOJ-II,1.48,4.5,2.99,13.0,"75,000 MT",NA,NA
M.T. PINE GAS [HAL12501838],2026-02-10 21:30:00,2026-02-15 10:36:00,-109h 6m,229.0,8.5,PROPANE,10001,GAC SHIP/GAC SHIP,VARIOUS,HOJ-II,0.62,6.09,3.35,13.0,"75,000 MT",NA,NA
M.T. POLAR STAR [HAL12501954],2026-02-22 19:30:00,2026-02-24 19:00:00,-47h 30m,116.99,8.5,COKING COAL /MHC,7373,ATLANTIC/ATLANTIC,RESOURCES,6,0.86,5.4,3.13,11.5,"60,000 MT",NA,NA
M.T. PROSPER [HAL12500571],2025-07-11 11:00:00,2025-07-12 23:54:00,-36h 54m,199.9,8.3,CPO,51/20,EASTERN LINER SH,SLOT CHARTERER,HOJ-I,1.71,2.85,2.28,12.0,"75,000 MT",NA,NA
M.T. PROSPER [HAL12501165],2025-10-18 02:00:00,2025-10-24 12:06:00,-154h 6m,154.0,7.0,BUTADIENE,8300,ATLANTIC/J M BAXI,EMAMI AGROTECH L,HOJ-I,1.14,5.04,3.09,12.0,"75,000 MT",NA,NA
M.T. PROSPER [HAL12501367],2025-11-25 01:48:00,2025-12-03 09:54:00,-200h 6m,117.27,5.7,MS (COASTAL),1500,ATLANTIC/ATLANTIC,INDIAN OIL CORPO,HOJ-I,0.92,4.78,2.85,12.0,"75,000 MT",NA,NA
M.T. PROSPER [HAL12501818],2026-01-30 08:15:00,2026-02-04 13:12:00,-124h 57m,181.0,7.8,PROPANE,11953,INTEROCE/INTERGLO,BHARAT PETROLEUM,HOJ-I,1.38,4.26,2.82,12.0,"75,000 MT",NA,NA
M.T. PUTUOSHAN [HAL12501594],2026-01-01 10:30:00,2026-01-05 18:30:00,-104h 0m,179.99,8.5,"(SD/FC-43000,HDC/ISPH",2511,ATLANTIC/ATLANTIC,RELIANCE INFRAST,4,1.26,3.78,2.52,,,,
M.T. PVT NEPTUNE [HAL12501372],2025-11-29 03:18:00,2025-12-01 10:36:00,-55h 18m,230.0,7.5,COKING COAL,79150,TM INTER/NETINCON,STEEL AUTHORITY,6,0.64,5.97,3.3,11.5,"60,000 MT",NA,NA
M.T. PVT NEPTUNE [HAL12501683],2026-01-14 14:30:00,2026-01-17 14:18:00,-71h 48m,224.86,14.69,CSFSO,1812,SEAPORT /SEAPORT,BHARAT PETROLEUM,5,1.15,5.23,3.19,11.5,60000 MT,NA,NA
M.T. QD SPRING [HAL12501160],2025-10-28 18:30:00,2025-10-29 07:30:00,-13h 0m,228.6,7.2,PROPANE,9932,UNIVERSA/UNIVERSA,EMAMI PAPER MILL,4,0.85,5.81,3.33,,,,
M.T. R S G [HAL12500669],2025-08-01 22:54:00,2025-08-04 23:00:00,-72h 6m,200.0,7.0,GYPSUM / TMILL,10100,ATLANTIC/ATLANTIC,INDIAN OIL CORPO,7,0.54,5.62,3.08,11.5,"60,000 MT",NA,NA
M.T. REIMEI [HAL12500547],2025-07-09 06:30:00,2025-07-11 11:48:00,-53h 18m,226.0,8.7,PARAXYLENE,12815,SAMSARA /SAMSARA,BHARAT PETROLEUM,HOJ-III,1.47,3.65,2.56,,,,
M.T. REIMEI [HAL12501170],2025-10-21 23:00:00,2025-10-22 12:06:00,-13h 6m,225.45,7.8,MANGANESE ORE,9527,SAMUDRA MARINE S,MCPI PRIVATE LIM,HOJ-III,1.64,3.08,2.36,,,,
M.T. REIMEI [HAL12501740],2026-01-27 13:54:00,2026-02-01 11:24:00,-117h 30m,225.16,8.2,HDC/MHC-29100),12581,ATLANTIC/ATLANTIC,BHARAT PETROLEUM,HOJ-III,0.75,6.0,3.37,,,,
M.T. RIGEL [HAL12501537],2025-12-31 21:48:00,2026-01-06 18:12:00,-140h 24m,179.99,8.5,CDSBO,33000,GAC SHIP/STEEL AU,STEEL AUTHORITY,6,1.11,4.55,2.83,11.5,"60,000 MT",NA,NA
M.T. RUDRA [HAL12501141],2025-10-20 02:15:00,2025-10-25 01:30:00,-119h 15m,82.98,4.5,I-CONTAINER,300/0,KANOO SH/GAC SHIP,SLOT CHARTERER,6,1.62,3.72,2.67,11.5,"60,000 MT",NA,NA
M.T. SAHYADRI [HAL12501508],2025-12-14 07:42:00,2025-12-17 10:18:00,-74h 36m,225.28,7.8,HSD (COASTAL),4600,ATLANTIC/ATLANTIC,BHARAT PETROLEUM,HOJ-II,0.78,5.98,3.38,13.0,"75,000 MT",NA,NA
M.T. SAHYADRI [HAL12501687],2026-01-11 13:00:00,2026-01-14 08:36:00,-67h 36m,146.03,6.5,I-CONTAINER,9600,ATLANTIC/ATLANTIC,INDIAN/BHARAT,HOJ-II,0.5,6.0,3.25,13.0,"75,000 MT",NA,NA
M.T. SALINA [HAL12501729],2026-01-31 11:24:00,2026-02-03 04:24:00,-65h 0m,225.29,8.5,LUBE OIL (COASTAL),7661,J M BAXI/J M BAXI,HULAS /RAJESH,6,1.66,3.68,2.67,11.5,"60,000 MT",NA,NA
M.T. SAMUDA [HAL12501634],2026-01-07 19:50:00,2026-01-09 15:42:00,-43h 52m,228.99,8.0,PARAXYLENE,10000,ATLANTIC/ATLANTIC,PATANJALI FOODS,TERMINAL,1.21,4.04,2.62,,,,
M.T. SARV SHAKTI [HAL12500568],2025-07-08 22:30:00,2025-07-10 10:48:00,-36h 18m,142.7,8.2,PROPANE,3800,ATLANTIC/ATLANTIC,INDIAN OIL CORPO,HOJ-II,1.09,4.15,2.62,13.0,"75,000 MT",NA,NA
M.T. SARV SHAKTI [HAL12501285],2025-11-09 04:15:00,2025-11-13 18:00:00,-109h 45m,226.0,8.3,I-CONTAINER,350/0,ATLANTIC/ATLANTIC,INDIAN OIL CORPO,HOJ-II,1.51,4.16,2.83,13.0,"75,000 MT",NA,NA
M.T. SARV SHAKTI [HAL12501663],2026-01-08 03:12:00,2026-01-10 15:48:00,-60h 36m,229.0,8.3,BUTANE,10000,ATLANTIC/ATLANTIC,PATANJALI FOODS,HOJ-II,1.0,4.77,2.89,13.0,"75,000 MT",NA,NA
M.T. SARVESHWAR [HAL12500419],2025-06-16 16:00:00,2025-06-17 19:00:00,-27h 0m,149.6,8.2,BITUMEN,5831,PREETIKA/PREETIKA,VARIOUS,6,1.31,4.89,3.1,11.5,"60,000 MT",NA,NA
M.T. SC SHANGHAI [HAL12501215],2025-11-02 03:24:00,2025-11-03 09:12:00,-29h 48m,230.0,7.4,PROPANE,49840,KANOO SH/TM INTER,TATA STEEL LTD.,TERMINAL,1.04,4.66,2.85,,,,
M.T. SC TIANJIN [HAL12501115],2025-10-17 11:30:00,2025-10-19 09:30:00,-46h 0m,82.98,4.5,I-CONTAINER,5324,R,IVL DHUNSERI PET,TERMINAL,0.82,5.55,3.18,,,,
M.T. SC XIAMEN [HAL12500531],2025-07-07 17:30:00,2025-07-08 09:18:00,-15h 48m,226.0,8.7,CPO,33000,V-OCEAN /STEEL AU,STEEL AUTHORITY,TERMINAL,1.14,5.14,3.14,,,,
M.T. SEA GULL 9 [HAL12500896],2025-09-07 03:30:00,2025-09-07 12:55:00,-9h 25m,199.9,7.7,BUTANE,11924,INTEROCEAN SHIPP,EMAMI AGROTECH L,5,1.66,3.05,2.36,11.5,60000 MT,NA,NA
M.T. SEA GULL 9 [HAL12501614],2026-01-07 10:36:00,2026-01-09 04:48:00,-42h 12m,158.56,7.0,NAPTHA,455/0,SEAPORT /SEAPORT,SLOT CHARTERER,5,1.21,4.04,2.62,11.5,60000 MT,NA,NA
M.T. SEA GULL 9 [HAL12501979],2026-02-25 18:00:00,2026-02-28 01:54:00,-55h 54m,109.8,6.5,I-CONTAINER,31500,TM INTER/STEEL AU,HALDIA PETROCHEM,6,0.62,6.02,3.32,11.5,"60,000 MT",NA,NA
M.T. SEACONGER [HAL12501967],2026-02-26 13:40:00,2026-03-03 13:24:00,-119h 44m,177.75,8.6,BUTADIENE,11234,ATLANTIC/ATLANTIC,BHARAT PETROLEUM,4,0.85,5.78,3.31,,,,
M.T. SEAGEMINI [HAL12501335],2025-11-18 19:48:00,2025-11-22 12:12:00,-88h 24m,144.06,7.8,PROPANE,12000,INTEROCE/INTEROCE,HINDUSTAN PETROL,HOJ-I,1.58,4.01,2.8,12.0,"75,000 MT",NA,NA
M.T. SEARAY [HAL12500908],2025-09-07 07:32:00,2025-09-09 16:42:00,-57h 10m,199.9,7.7,PROPANE,20000,EVERETT /EVERETT,AWL AG/PATANJ/C.,7,1.66,3.05,2.36,11.5,"60,000 MT",NA,NA
M.T. SEASHINE [HAL12500909],2025-09-11 17:36:00,2025-09-12 13:48:00,-20h 12m,189.93,7.09,"(SG/SC-5500,MHC-27329",121/79,SAMSARA SHIPPING,SLOT CHARTERER,HOJ-I,1.38,3.85,2.62,12.0,"75,000 MT",NA,NA
M.T. SILVER LINDA [HAL12500543],2025-07-07 03:00:00,2025-07-07 10:54:00,-7h 54m,225.0,8.5,I-CONTAINER,20500,INTEROCE/INTEROCE,VARIOUS,4B,1.14,5.14,3.14,,,,
M.T. SKY BLUE [HAL12500542],2025-07-06 11:00:00,2025-07-11 12:30:00,-121h 30m,189.5,8.4,"(SG/SC-2600,",10000,TM INTER/TM INTER,ARTEMYN (INDIA),6,0.63,5.43,3.03,11.5,"60,000 MT",NA,NA
M.T. SKY BLUE [HAL12500698],2025-08-01 20:25:00,2025-08-02 21:00:00,-24h 35m,229.0,8.0,MS (COASTAL),530/0,EASTERN /EASTERN,SLOT CHARTERER,4,0.54,5.62,3.08,,,,
M.T. SKY RUNNER [HAL12501087],2025-10-09 05:42:00,2025-10-20 10:12:00,-268h 30m,128.6,5.5,BUTANE,2902,ATLANTIC/ATLANTIC,RELIANCE INFRAST,HOJ-I,1.87,3.34,2.61,12.0,"75,000 MT",NA,NA
M.T. SKY WINNER [HAL12500681],2025-07-30 04:00:00,2025-07-31 07:55:00,-27h 55m,138.73,8.4,"(SG/SC-4250,",10491,ATLANTIC/SEAPORT,INDORAMA INDIA P,6,1.33,4.82,3.07,11.5,"60,000 MT",NA,NA
M.T. SNARTH [HAL12500579],2025-07-17 08:30:00,2025-07-19 17:00:00,-56h 30m,149.6,6.5,I-CONTAINER,10430,GAC SHIP/STEEL AU,MCPI PRIVATE LIM,HOJ-I,0.77,5.66,3.21,12.0,"75,000 MT",NA,NA
M.T. SNARTH [HAL12501361],2025-11-23 23:00:00,2025-11-26 14:54:00,-63h 54m,200.0,8.4,HDC/TMILL-24409.74),1000,ATLANTIC/ATLANTIC,INDIAN OIL CORPO,HOJ-I,1.49,3.55,2.52,12.0,"75,000 MT",NA,NA
M.T. STENA IMAGE [HAL12501194],2025-10-28 12:54:00,2025-10-30 05:20:00,-40h 26m,149.6,6.5,BUTANE,1/0,FAR SHIP/FAR SHIP,VARIOUS,6,0.85,5.81,3.33,11.5,"60,000 MT",NA,NA
M.T. STI DUCHESSA [HAL12500574],2025-07-14 16:30:00,2025-07-15 13:48:00,-21h 18m,126.0,5.5,STOCK,28940,ATLANTIC/SEATRANS,INDORAMA INDIA P,HOJ-III,1.59,3.9,2.75,,,,
M.T. STI DUCHESSA [HAL12501071],2025-10-04 01:00:00,2025-10-07 11:06:00,-82h 6m,141.3,8.5,PROPANE,12933,GAC SHIP/SEAWORLD,BHARAT PETROLEUM,HOJ-III,1.04,4.3,2.67,,,,
M.T. STI MARSHALL [HAL12500616],2025-07-18 17:30:00,2025-07-19 18:30:00,-25h 0m,147.8,8.5,BUTANE,11494,INTEROCE/INTEROCE,INDIAN OIL CORPO,7,0.68,6.06,3.37,11.5,"60,000 MT",NA,NA
M.T. STOLT HAGI [HAL12501187],2025-10-27 09:36:00,2025-10-29 15:10:00,-53h 34m,229.0,8.0,L-33850),12331,SEAWORLD SHIPPIN,BHARAT PETROLEUM,TERMINAL,0.95,5.16,3.05,,,,
M.T. STOLT SUISEN [HAL12500790],2025-08-16 07:30:00,2025-08-26 13:30:00,-246h 0m,145.53,7.4,E-CONTAINER,10000,ATLANTIC/SEAPORT,PATANJ/KANPUR,7,0.39,5.62,3.01,11.5,"60,000 MT",NA,NA
M.T. SUMIRE GAS [HAL12501056],2025-10-03 20:12:00,2025-10-07 10:42:00,-86h 30m,229.95,8.5,SEMI COKE (21038,21802,TM INTER/TM INTER,TATA STEEL LTD.,HOJ-I,0.97,5.14,3.05,12.0,"75,000 MT",NA,NA
M.T. TG CRAB [HAL12501234],2025-11-07 20:15:00,2025-11-08 01:24:00,-5h 9m,170.0,8.2,COKING COAL / MHC,200/0,MSC AGEN/MSC AGEN,MCPI PRIVATE LIM,6,1.87,3.16,2.51,11.5,"60,000 MT",NA,NA
M.T. TONG YOUNG [HAL12501218],2025-11-06 02:00:00,2025-11-06 10:42:00,-8h 42m,225.0,8.0,BUTANE,17000,INTEROCE/INTEROCE,VARIOUS,TERMINAL,1.85,2.95,2.4,,,,
M.T. TPT HEART [HAL12501191],2025-10-31 17:00:00,2025-11-03 10:48:00,-65h 48m,156.7,6.4,(COASTAL),12000,J M BAXI/J M BAXI,PATANJALI FOODS,4A,0.76,5.91,3.33,,,,
M.T. TRIVENI [HAL12500738R],2025-08-01 20:00:00,2025-08-13 13:06:00,-281h 6m,124.0,8.7,"(SG / FC-6400, HDC",11500,MARINE L/MARINE L,EMAMI AGROTECH L,HOJ-I,0.54,5.62,3.08,12.0,"75,000 MT",NA,NA
M.T. TRIVENI [HAL12500738],2025-08-01 20:00:00,2025-08-07 22:00:00,-146h 0m,142.6,6.0,BUTANE,11175.0,SAMSARA /SAMSARA,BHARAT PETROLEUM,HOJ-I,0.54,5.62,3.08,12.0,"75,000 MT",NA,NA
M.T. TROMSO [HAL12501092],2025-10-08 21:48:00,2025-10-11 14:48:00,-65h 0m,225.28,8.3,"(SG/SC-4160,",12000,SEAPORT /SEAPORT,PATANJ/GOKUL,6,1.93,3.06,2.5,11.5,"60,000 MT",NA,NA
M.T. TROMSO [HAL12501781],2026-01-29 17:48:00,2026-02-02 12:12:00,-90h 24m,128.6,6.2,LUBRICATING OIL,11500,WILHELMS/WILHELMS,HINDUSTAN PETROL,TERMINAL,1.04,4.85,2.94,,,,
M.T. UACC MARAH [HAL12501534],2025-12-19 01:18:00,2025-12-22 12:48:00,-83h 30m,138.11,8.3,CPO,3732,ATLANTIC/ATLANTIC,RELIANCE INFRAST,HOJ-III,1.71,3.06,2.39,,,,
M.T. UACC MARAH [HAL12502014],2026-03-04 12:36:00,2026-03-06 13:48:00,-49h 12m,183.0,8.2,NAPTHA,40300.0,SEATRANS/SEATRANS,STEEL AUTHORITY,HOJ-III,1.98,3.11,2.54,,,,
M.T. ULAYA [HAL12500930],2025-09-16 16:15:00,2025-09-17 09:00:00,-16h 45m,143.15,8.0,BUTANE,30500,ISS SHIP/ISS SHIP,HALDIA PETROCHEM,5,0.45,5.92,3.18,11.5,60000 MT,NA,NA
M.T. VEGA SAGE [HAL12500598],2025-07-16 00:48:00,2025-07-17 15:54:00,-39h 6m,228.99,7.4,MS (COASTAL),7471,ATLANTIC/ATLANTIC,INDIAN/BHARAT,HOJ-II,1.03,5.16,3.1,13.0,"75,000 MT",NA,NA
M.T. VESTA [HAL12501546],2025-12-23 14:00:00,2025-12-25 14:30:00,-48h 30m,138.97,5.4,E-CONTAINER,23000,SEAPORT /SEAPORT,VARIOUS,TERMINAL,1.52,4.08,2.8,,,,
M.T. WEALTHY BAY [HAL12500729],2025-08-10 00:42:00,2025-08-10 14:00:00,-13h 18m,143.1,6.8,PROJECT,1/2,MSC AGENCY (INDI,SLOT CHARTERER,7,2.01,3.12,2.56,11.5,"60,000 MT",NA,NA
M.T. WILLOWS [HAL12500541],2025-07-04 20:30:00,2025-07-08 09:30:00,-85h 0m,199.9,8.39,CDSBO,10049,ATLANTIC/ATLANTIC,BHARAT PETROLEUM,HOJ-I,0.52,6.02,3.27,12.0,"75,000 MT",NA,NA
M.T. WINTER 89 [HAL12500389],2025-06-13 07:48:00,2025-06-14 14:30:00,-30h 42m,149.6,8.2,PCI COAL / MHC,24000,SEA CHHA/SEA CHHA,PARENT MONT,5,1.7,2.99,2.34,11.5,60000 MT,NA,NA
M.T. WINTER 89 [HAL12500534],2025-07-04 13:10:00,2025-07-05 21:54:00,-32h 44m,155.0,8.4,PROPANE,250/0,MSC AGEN/MSC AGEN,SLOT CHARTERER,7,0.52,6.02,3.27,11.5,"60,000 MT",NA,NA
M.T. WOOJIN ELVIS [HAL12500972],2025-09-21 19:18:00,2025-09-22 11:25:00,-16h 7m,228.99,8.3,MURATE OF POTASH,9500,ATLANTIC/ATLANTIC,MCPI PRIVATE LIM,TERMINAL,1.54,3.34,2.44,,,,
M.T. WOOJIN ELVIS [HAL12501501],2025-12-21 00:12:00,2025-12-23 12:50:00,-60h 38m,138.11,8.3,MANGANESE ORE,14000,INTEROCE/INTEROCE,HALDIA PETROCHEM,TERMINAL,2.0,3.26,2.63,,,,
M.T. XIN AO TAI 1 [HAL12501969],2026-03-01 15:00:00,2026-03-08 15:48:00,-168h 48m,199.9,8.0,BUTANE,15478,ATLANTIC/ATLANTIC,RELIANCE INFRAST,4,1.57,3.91,2.74,,,,
M.T. Y L W [HAL12500424],2025-06-21 01:24:00,2025-06-22 13:00:00,-35h 36m,166.15,8.6,E-CONTAINER,5002,SEAPORT /SEAPORT,EMAMI /GOKUL,6,0.72,5.71,3.22,11.5,"60,000 MT",NA,NA
M.T. Y L W [HAL12500596],2025-07-14 07:30:00,2025-07-21 07:24:00,-167h 54m,126.5,8.5,MANGANESE ORE,33000,ATLANTIC/ATLANTIC,STEEL AUTHORITY,HOJ-I,1.59,3.9,2.75,12.0,"75,000 MT",NA,NA
M.T. YOU SHEN 1 [HAL12500978],2025-09-19 01:00:00,2025-09-19 23:30:00,-22h 30m,142.7,8.2,CDSBO,9770,SAMUDRA MARINE S,GOKUL AGRO RESOU,4,1.0,4.53,2.77,,,,
M.T. YUYO [HAL12500821],2025-08-21 19:06:00,2025-08-25 12:18:00,-89h 12m,183.2,8.3,CSFSO,4000,INTEROCE/INTEROCE,VARIOUS,HOJ-I,1.24,4.39,2.82,12.0,"75,000 MT",NA,NA
M.T. YUYO [HAL12501472],2025-12-09 13:22:00,2025-12-15 08:24:00,-139h 2m,128.6,8.5,PROPANE,10000,SAMUDRA MARINE S,HINDUSTAN PETROL,HOJ-II,1.23,4.43,2.83,13.0,"75,000 MT",NA,NA
M.V. AC VICTORY [HAL12501328],2025-11-18 19:48:00,2025-11-20 00:01:00,-28h 13m,156.7,8.0,PARAXYLENE,9528,BHARAT M/BHARAT M,MCPI P/IVL DH,2,1.58,4.01,2.8,10.0,45000 MT,2,30 MT
M.V. AC YOUTH [HAL12501509],2025-12-15 00:30:00,2025-12-15 10:00:00,-9h 30m,208.3,8.5,"(SD/FC-43773,HDC/MHC-",6870,SEAPORT /SEAPORT,INDIAN/BHARAT,2,0.66,5.24,2.95,10.0,45000 MT,2,30 MT
M.V. ADRE [HAL12501504],2025-12-21 09:54:00,2025-12-26 17:00:00,-127h 6m,149.0,8.5,"(SD/FC-43100,",25000,TM INTER/TM INTER,TATA STEEL LTD.,12,2.0,3.26,2.63,12.0,"70,000 MT",2,40 MT
M.V. AG VALIANT [HAL12501047],2025-09-28 21:36:00,2025-09-30 07:25:00,-33h 49m,229.95,8.5,HSD (COASTAL),26700,GAC SHIP/SEAWORLD,HINDUSTAN PETROL,13,0.7,5.24,2.97,,,,
M.V. AGRI OCEAN [HAL12501368],2025-12-01 01:00:00,2025-12-02 09:36:00,-32h 36m,230.0,7.7,MET COKE / MHC,10500,GAC SHIP/TM INTER,TATA STEEL LTD.,13,1.15,5.14,3.15,,,,
M.V. AL DANAH [HAL12500703],2025-08-03 17:36:00,2025-08-08 12:30:00,-114h 54m,138.73,8.4,PROPANE,31900,INTEROCE/SEAHORSE,VARIOUS,13,0.7,6.14,3.42,,,,
M.V. ALAHAS [HAL12500494],2025-06-28 15:00:00,2025-07-01 02:55:00,-59h 55m,115.33,8.4,/TMILL,19634,TM INTER/TM INTER,MANAKSIA STEELS,5(S),1.99,3.41,2.7,,,,
M.V. ALPHA CHARM [HAL12501228],2025-11-07 19:00:00,2025-11-08 16:30:00,-21h 30m,176.91,8.5,E-CONTAINER,33000,GAC SHIP/GAC SHIP,TATA INTERNATION,8,1.87,3.16,2.51,,,,
M.V. ALPHA HERO [HAL12500373],2025-06-11 03:00:00,2025-06-12 01:42:00,-22h 42m,229.0,8.0,BUTANE,5127,ATLANTIC/ATLANTIC,INDIAN/BHARAT,12,1.82,3.13,2.48,12.0,"70,000 MT",2,40 MT
M.V. AM SHRADDHA [HAL12500416],2025-06-21 14:12:00,2025-06-23 10:35:00,-44h 23m,154.51,8.6,E-CONTAINER,350/0,TM INTER/TM INTER,SLOT CHARTERER,13,0.72,5.71,3.22,,,,
M.V. AM UMANG [HAL12500597],2025-07-22 02:00:00,2025-07-22 10:54:00,-8h 54m,229.0,8.3,COKING COAL / ISPHL,33000,GAC SHIP/STEEL AU,STEEL AUTHORITY,2,1.01,4.73,2.87,10.0,45000 MT,2,30 MT
M.V. AMBERJACK [HAL12501360],2025-11-24 20:00:00,2025-11-26 05:42:00,-33h 42m,229.0,8.3,LAM COKE /MHC,28000,SEATRANS/STEEL AU,STEEL AUTHORITY,2,1.37,4.3,2.84,10.0,45000 MT,2,30 MT
M.V. ANASTASIA [HAL12500570],2025-07-13 23:42:00,2025-07-14 16:12:00,-16h 30m,158.93,7.6,PCI COAL / MHC,33000,ATLANTIC/SEATRANS,SHYAM /RUNGTA,4A,1.86,3.44,2.65,,,,
M.V. AP JADRAN [HAL12500696],2025-07-30 16:55:00,2025-08-01 18:10:00,-49h 15m,229.0,8.7,BUTANE,11699,SAMSARA /SAMSARA,BHARAT PETROLEUM,13 OFF,1.33,4.82,3.07,,,,
M.V. AQUAVITA AIR [HAL12501633],2026-01-05 07:06:00,2026-01-10 07:30:00,-120h 24m,138.73,8.5,HDC/TMILL-17000),250/0,TRANSWOR/TRANSWO,SLOT CHARTERER,3,1.79,3.17,2.48,10.0,45000 MT,2,30 MT
M.V. ARETHOUSA [HAL12501063],2025-10-10 13:18:00,2025-10-11 06:06:00,-16h 48m,228.99,8.2,PYROXENITE / TMILL,33000,GAC SHIP/STEEL AU,STEEL AUTHORITY,8,1.73,3.87,2.8,,,,
M.V. ARIES SAKURA [HAL12500540],2025-07-18 14:06:00,2025-07-19 21:30:00,-31h 24m,229.9,7.4,BUTANE,12001,SEAPORT /SEAPORT,EMAMI AGROTECH L,12,0.68,6.06,3.37,12.0,"70,000 MT",2,40 MT
M.V. ARTEMISSIO [HAL12501591],2026-01-08 03:12:00,2026-01-09 18:50:00,-39h 38m,138.73,8.5,CDSBO,17000,ATLANTIC/MARINE L,VARIOUS,13,1.0,4.77,2.89,,,,
M.V. ASIAN HONOR [HAL12500617],2025-07-20 16:48:00,2025-07-25 02:06:00,-105h 18m,189.8,7.5,WOODPULP,8083,PHAROS S/PHAROS S,EMAMI PAPER MILL,5,0.6,5.8,3.2,11.5,60000 MT,NA,NA
M.V. ASL IXORA [HAL12501244],2025-11-13 07:30:00,2025-11-17 11:06:00,-99h 36m,187.88,8.64,BITUMEN,30150,S2 SHIPP/SEATRANS,VARIOUS,13,0.63,6.1,3.37,,,,
M.V. AVERY POINT [HAL12500649],2025-07-31 12:30:00,2025-08-03 06:30:00,-66h 0m,199.9,8.42,PROPANE,12365,SAMSARA /SAMSARA,BHARAT PETROLEUM,4B,0.79,5.17,2.98,,,,
M.V. BAHRI WAFI [HAL12501392],2025-12-03 14:30:00,2025-12-04 23:54:00,-33h 24m,142.7,8.5,PROPANE,20000,TM INTER/TM INTER,TATA STEEL LTD.,2,1.7,3.88,2.79,10.0,45000 MT,2,30 MT
M.V. BALI [HAL12500624],2025-07-22 05:54:00,2025-07-22 12:30:00,-6h 36m,229.0,8.3,ROCK PHOSPHATE /,16000,PHAROS S/PHAROS S,INDORA/JAY SH/TH,4A,1.01,4.73,2.87,,,,
M.V. BBC ECHO [HAL12501550],2025-12-23 08:48:00,2025-12-27 06:36:00,-93h 48m,138.97,5.4,E-CONTAINER,431,MARCONS /MARCONS,HALDIA PETROCHEM,9,1.52,4.08,2.8,,,,
M.V. BBG LIUZHOU [HAL12501946],2026-03-01 12:42:00,2026-03-03 15:30:00,-50h 48m,147.83,8.3,HSD (COASTAL),11516,INTEROCE/INTEROCE,INDIAN OIL CORPO,2,1.57,3.91,2.74,10.0,45000 MT,2,30 MT
M.V. BBG MUARA [HAL12501626],2026-01-02 16:50:00,2026-01-05 03:12:00,-58h 22m,138.73,8.5,STEAM COAL,12000,KANOO SH/SPARTANS,VARIOUS,8,1.85,3.59,2.72,,,,
M.V. BD PIONEER 1 [HAL12500501],2025-07-03 12:36:00,2025-07-07 01:00:00,-84h 24m,226.0,8.2,PRODUCTS /TMILL,22440,INTEROCE/INTEROCE,AWL AGRI BUSINES,12,0.45,5.73,3.09,12.0,"70,000 MT",2,40 MT
M.V. BEAGLE [HAL12500800],2025-08-19 02:00:00,2025-08-19 09:24:00,-7h 24m,142.4,7.4,PROPANE,11339,ATLANTIC/ATLANTIC,INDIAN OIL CORPO,2,0.62,5.49,3.06,10.0,45000 MT,2,30 MT
M.V. BH FORTUNE [HAL12501064],2025-10-10 04:20:00,2025-10-12 03:24:00,-47h 4m,229.0,7.8,BUTANE,20163,J M BAXI/J M BAXI,VARIOUS,12,1.73,3.87,2.8,12.0,"70,000 MT",2,40 MT
M.V. BILLIE [HAL12501275],2025-11-10 12:30:00,2025-11-11 08:15:00,-19h 45m,226.0,8.3,COKING COAL / MHC,10330,ATLANTIC/ATLANTIC,HALDIA PETROCHEM,9,1.29,4.88,3.08,,,,
M.V. BISON [HAL12500457],2025-06-23 00:24:00,2025-06-24 13:24:00,-37h 0m,189.99,8.4,CPO,8090,PHAROS S/PHAROS S,TATA STEEL LTD.,8,1.07,4.42,2.74,,,,
M.V. BLUE IONIAN [HAL12500676],2025-08-04 00:10:00,2025-08-04 10:24:00,-10h 14m,154.51,8.5,REFORMATE (COASTAL),36029,BOTHRA S/BOTHRA S,ELECTROSTEEL CAS,2,0.52,5.57,3.04,10.0,45000 MT,2,30 MT
M.V. BRIGHT WIND [HAL12501222],2025-11-07 00:17:00,2025-11-07 13:18:00,-13h 1m,171.9,8.5,COKING COAL / MHC,6036,ATLANTIC/ATLANTIC,TATA INTERNATION,12,1.87,3.16,2.51,12.0,"70,000 MT",2,40 MT
M.V. BRYANT [HAL12501412],2025-12-01 01:00:00,2025-12-01 22:45:00,-21h 45m,228.99,8.0,I-CONTAINER,33000,SEATRANS/STEEL AU,STEEL AUTHORITY,8,1.15,5.14,3.15,,,,
M.V. BULL [HAL12501503],2025-12-13 12:18:00,2025-12-15 11:54:00,-47h 36m,124.03,6.0,MANGANESE ORE,52755,ATLANTIC/ATLANTIC,VARIOUS,4A,0.65,6.14,3.39,,,,
M.V. CHS COLOMBO [HAL12500595],2025-07-18 00:36:00,2025-07-18 09:15:00,-8h 39m,150.7,8.5,ETHER,38/0,EASTERN LINER SH,SLOT CHARTERER,10,0.68,6.06,3.37,13.5,"80,000 MT",3 RMQCS,40 MT
M.V. CHS COLOMBO [HAL12501331],2025-11-16 22:24:00,2025-11-20 14:00:00,-87h 36m,225.28,8.5,I-CONTAINER,2/0,MSC AGEN/MSC AGEN,SLOT CHARTERER,11.0,0.77,5.02,2.89,,,,
M.V. CL LUZHOU [HAL12500893],2025-09-09 10:00:00,2025-09-11 03:06:00,-41h 6m,199.9,7.7,BUTANE,1750,EVERETT /EVERETT,SHAKAM/ELOQUE,13,1.87,3.09,2.48,,,,
M.V. CL SPRUCE [HAL12501942],2026-02-28 09:18:00,2026-03-03 00:36:00,-63h 18m,117.6,8.1,CDSBO,3624,ATLANTIC/ATLANTIC,RELIANCE INFRAST,13,1.13,4.39,2.76,,,,
M.V. CONCARAN [HAL12501809],2026-02-10 03:36:00,2026-02-10 17:42:00,-14h 6m,143.15,7.5,"(SD/SC-22200,HDC/MHC",23888,ALAP CAR/ALAP CAR,PARAG /PALPA,9,0.62,6.09,3.35,,,,
M.V. CS CRYSTAL [HAL12501070],2025-10-06 03:30:00,2025-10-06 11:42:00,-8h 12m,82.98,4.5,LIMESTONE / TMILL,26000,BEN LINE/BEN LINE,HALDIA PETROCHEM,12,1.91,3.52,2.71,12.0,"70,000 MT",2,40 MT
M.V. DA YU XIA [HAL12500462],2025-06-30 11:20:00,2025-07-03 19:20:00,-80h 0m,124.0,8.5,UREA (440000 BAGS),22088,ATLANTIC/ATLANTIC,SALT TRADING COR,9(S),1.41,4.33,2.87,,,,
M.V. DARYA GANGA [HAL12500483],2025-06-30 21:00:00,2025-07-04 19:50:00,-94h 50m,228.49,8.5,PROPANE,7000,ATLANTIC/ATLANTIC,HINDUSTAN PETROL,4A,1.41,4.33,2.87,,,,
M.V. DARYA MA [HAL12500604],2025-07-30 01:12:00,2025-08-01 04:06:00,-50h 54m,138.73,8.4,LIMESTONE /TMILL,30000,ATLANTIC/SEAPORT,TATA STEEL LTD.,2,1.33,4.82,3.07,10.0,45000 MT,2,30 MT
M.V. DARYA RUCHI [HAL12500387],2025-06-13 01:54:00,2025-06-13 13:15:00,-11h 21m,183.0,7.7,E-CONTAINER,188/99,FAR SHIPPING (IN,SLOT CHARTERER,9,1.7,2.99,2.34,,,,
M.V. DESPINA [HAL12501389],2025-12-01 00:18:00,2025-12-01 09:00:00,-8h 42m,228.49,8.0,COAL TAR PITCH,450/0,UNIFEEDER AGENCI,SLOT CHARTERER,4A,1.15,5.14,3.15,,,,
M.V. DISCOVERY [HAL12501510],2025-12-18 05:54:00,2025-12-19 12:40:00,-30h 46m,189.99,11.0,BUTANE,10901,GAC SHIP/BHARAT M,HINDUSTAN PETROL,4A,1.61,3.55,2.58,,,,
M.V. DL OLIVE [HAL12501476],2025-12-16 01:30:00,2025-12-22 16:36:00,-159h 6m,111.4,7.1,CPO,30000,EASTERN LINER SH,SHYAM SEL & POWE,5,1.15,4.87,3.01,11.5,60000 MT,NA,NA
M.V. DURU D [HAL12501922],2026-02-26 17:48:00,2026-03-03 16:50:00,-119h 2m,109.8,6.5,PROPANE,12693,ATLANTIC/ATLANTIC,BHARAT PETROLEUM,12,0.85,5.78,3.31,12.0,"70,000 MT",2,40 MT
M.V. EKATERINI [HAL12500589],2025-07-17 16:54:00,2025-07-19 07:42:00,-38h 48m,149.6,6.5,E-CONTAINER,30000,SEATRANS/BOTHRA S,STEEL AUTHORITY,4A,0.77,5.66,3.21,,,,
M.V. ELEGANT SW [HAL12500757],2025-08-25 02:30:00,2025-08-26 06:30:00,-28h 0m,225.28,8.3,REFORMATE (COASTAL),30000,TM INTER/TM INTER,TATA STEEL LTD.,11,1.75,2.89,2.32,13.5,"80,000 MT",3 RMQCS,40 MT
M.V. ENGIADINA [HAL12501926],2026-03-07 23:30:00,2026-03-10 03:12:00,-51h 42m,225.28,7.9,BUTANE,31230.0,GAC SHIP/TM INTER,TATA STEEL LTD.,9,1.21,4.23,2.72,,,,
M.V. ERA S [HAL12500811],2025-10-08 05:36:00,2025-10-10 04:42:00,-47h 6m,82.98,4.5,NAPTHA (COASTAL),300/0,SAMSARA SHIPPING,SLOT CHARTERER,13,1.93,3.06,2.5,,,,
M.V. ESCADA [HAL12500863],2025-09-20 01:00:00,2025-09-20 16:45:00,-15h 45m,117.6,7.9,COKING COAL / MHC,4/50,TRANSWORLD GLOBA,SLOT CHARTERER,11,1.49,4.1,2.79,13.5,"80,000 MT",3 RMQCS,40 MT
M.V. ESCADA [HAL12501068],2025-10-05 05:12:00,2025-10-05 12:06:00,-6h 54m,189.8,6.2,STEAM COAL /MHC,10000,ATLANTIC/ATLANTIC,INDIAN OIL CORPO,12,1.59,3.93,2.76,12.0,"70,000 MT",2,40 MT
M.V. EVER SHINING [HAL12500953],2025-09-19 05:15:00,2025-09-22 02:12:00,-68h 57m,171.9,8.5,PROPANE,12599,ALAP CAR/ALAP CAR,HALDIA PETROCHEM,2,1.0,4.53,2.77,10.0,45000 MT,2,30 MT
M.V. FANTASEA [HAL12501105],2025-10-13 12:36:00,2025-10-14 19:00:00,-30h 24m,189.99,8.3,ROCK PHOSPHATE,14000,INTEROCEAN SHIPP,INDIAN OIL CORPO,8,0.59,5.35,2.97,,,,
M.V. FORZA ROMA [HAL12501253],2025-11-08 15:00:00,2025-11-09 15:42:00,-24h 42m,189.99,7.9,E-CONTAINER,0/0,MSC AGENCY (INDI,SLOT CHARTERER,12,1.81,3.65,2.73,12.0,"70,000 MT",2,40 MT
M.V. G PUTUO [HAL12500906],2025-09-10 22:00:00,2025-09-12 14:54:00,-40h 54m,117.6,7.9,HRC / TMILL,350/0,TRANSWORLD GLOBA,SLOT CHARTERER,13,1.62,3.32,2.47,,,,
M.V. GALIO [HAL12501938],2026-02-23 17:18:00,2026-02-28 13:15:00,-115h 57m,229.0,8.5,CPO,6766,SAMSARA /TM INTER,RAWMET,4,0.52,5.7,3.11,,,,
M.V. GLORY V [HAL12500952],2025-09-18 22:50:00,2025-09-19 10:42:00,-11h 52m,158.56,7.0,BITUMEN (COASTAL),28000,SEATRANS/STEEL AU,STEEL AUTHORITY,4A,0.8,5.22,3.01,,,,
M.V. GOLDEN ROSE [HAL12500878],2025-09-11 09:48:00,2025-09-12 16:36:00,-30h 48m,229.0,8.25,),8500,INTEROCE/INTEROCE,INDORAMA INDIA P,2,1.38,3.85,2.62,10.0,45000 MT,2,30 MT
M.V. HAI DUONG 68 [HAL12500608],2025-07-17 12:06:00,2025-07-18 17:48:00,-29h 42m,229.9,7.4,PARAXYLENE,27000,SEATRANS/STEEL AU,STEEL AUTHORITY,5,0.77,5.66,3.21,11.5,60000 MT,NA,NA
M.V. HAKUTA [HAL12501099],2025-10-10 04:20:00,2025-10-10 17:54:00,-13h 34m,119.62,8.2,HDC/MHC-28521),11000,ATLANTIC/ATLANTIC,HINDUSTAN PETROL,2,1.73,3.87,2.8,10.0,45000 MT,2,30 MT
M.V. HAMPTON SKY [HAL12501393],2025-12-01 00:18:00,2025-12-03 13:12:00,-60h 54m,225.16,8.5,"(SD/FC-50000,HDC/ISPH",13107,ATLANTIC/ATLANTIC,INDIAN OIL CORPO,4A,1.15,5.14,3.15,,,,
M.V. HAPPY DOVER [HAL12501918],2026-02-17 00:12:00,2026-02-18 13:12:00,-37h 0m,230.0,8.1,"(SD/FC-20000,Balance",25075,PHAROS S/PHAROS S,AGARWA/SHREAS/SU,5(S),1.76,2.86,2.31,,,,
M.V. HIROKI [HAL12501543],2025-12-28 05:35:00,2025-12-30 23:45:00,-66h 10m,138.73,8.5,HSD (COASTAL),27682,SEAPORT /SEAPORT,RUNGTA MINES LIM,BERTH-13,0.62,6.07,3.34,,,,
M.V. HONG HAO [HAL12501934],2026-02-23 17:18:00,2026-02-24 19:20:00,-26h 2m,166.23,7.0,PROPANE,11205,ATLANTIC/ATLANTIC,ANAND CARBO PRIV,4B OFF,0.52,5.7,3.11,,,,
M.V. HTP AMBER [HAL12501369],2025-11-25 23:00:00,2025-11-26 18:30:00,-19h 30m,149.0,8.5,I-CONTAINER,3000,J M BAXI/J M BAXI,SLOT CHARTERER,5,0.92,4.78,2.85,11.5,60000 MT,NA,NA
M.V. ICE VICTORY [HAL12501140],2025-10-22 12:24:00,2025-10-28 14:24:00,-146h 0m,225.45,7.8,PARAXYLENE,44/42,EASTERN LINER SH,SLOT CHARTERER,HOJ-I,2.09,3.21,2.65,12.0,"75,000 MT",NA,NA
M.V. IKAN BELIAK [HAL12501128],2025-10-20 01:36:00,2025-10-26 15:00:00,-157h 24m,199.98,7.85,GLYCOL (MEG),8300,ATLANTIC/ATLANTIC,EMAMI AGROTECH L,8,1.62,3.72,2.67,,,,
M.V. IVY ALLIANCE [HAL12500506],2025-07-03 15:30:00,2025-07-05 20:30:00,-53h 0m,115.33,8.4,MANGANESE ORE (SG,12194,ATLANTIC/ATLANTIC,INDIAN/BHARAT,2,0.45,5.73,3.09,10.0,45000 MT,2,30 MT
M.V. JACOB H [HAL12501453],2025-12-12 13:00:00,2025-12-16 11:00:00,-94h 0m,149.6,8.4,BITUMEN,4881,ATLANTIC/ATLANTIC,SAPCO BITUMEN CO,13,0.73,6.11,3.42,,,,
M.V. JIA RUN [HAL12500806],2025-08-30 14:24:00,2025-09-02 08:12:00,-65h 48m,189.99,8.7,AT SAGAR AND CARGO,29300,INTEROCE/SEAHORSE,VARIOUS,13,0.57,5.4,2.99,,,,
M.V. JIN TONG [HAL12500407],2025-06-21 04:20:00,2025-06-25 15:00:00,-106h 40m,166.15,8.6,MANGANESE ORE,29150,ABM WATE/EMINENCE,UNITED FUTURISTI,13,0.72,5.71,3.22,,,,
M.V. KANKO MARU [HAL12501000],2025-10-06 04:50:00,2025-10-06 14:18:00,-9h 28m,229.0,8.2,PYROXENITE /TMILL,15/0,UNIFEEDE/UNIFEEDE,SLOT CHARTERER,2,1.91,3.52,2.71,10.0,45000 MT,2,30 MT
M.V. KASSIOPI GR [HAL12501644],2026-01-10 03:35:00,2026-01-12 23:15:00,-67h 40m,179.93,7.0,I-CONTAINER,350/0,J M BAXI/J M BAXI,SLOT CHARTERER,8,0.68,5.91,3.3,,,,
M.V. KATERINA III [HAL12501824],2026-02-05 04:30:00,2026-02-05 17:18:00,-12h 48m,82.98,4.5,HSD(COASTAL),350/0,UNIFEEDER AGENCI,SLOT CHARTERER,13,1.35,3.83,2.59,,,,
M.V. KEN VOYAGER [HAL12501788],2026-01-31 07:12:00,2026-02-03 17:00:00,-81h 48m,156.7,7.4,BUTANE,20000,ALAP CAR/ALAP CAR,VARIOUS,3,1.66,3.68,2.67,10.0,45000 MT,2,30 MT
M.V. KONKAR ORMI [HAL12500431],2025-06-26 03:55:00,2025-06-27 03:00:00,-23h 5m,177.4,8.0,),22535,INTEROCE/INTEROCE,SLOT CHARTERER,2 OFF,1.98,3.19,2.58,,,,
M.V. KOTA RAJIN [HAL12501625],2026-01-08 20:00:00,2026-01-10 08:50:00,-36h 50m,179.93,7.0,MANGANESE ORE,450/0,UNIFEEDER AGENCI,SLOT CHARTERER,2,1.0,4.77,2.89,10.0,45000 MT,2,30 MT
M.V. KOTA RATNA [HAL12501645],2026-01-10 12:12:00,2026-01-12 20:30:00,-56h 18m,175.49,8.5,L-29818),34980,MSC AGEN/MSC AGEN,ANAND CARBO PRIV,10,0.68,5.91,3.3,13.5,"80,000 MT",3 RMQCS,40 MT
M.V. KYRA THALEIA [HAL12500551],2025-07-08 18:30:00,2025-07-10 01:50:00,-31h 20m,189.99,9.3,MANGANESE ORE /MHC,20823,SEAHORSE/SEAHORSE,AARTI STRIPS PVT,4A,1.09,4.15,2.62,,,,
M.V. LILA TOKYO [HAL12501603],2026-01-07 20:36:00,2026-01-09 17:24:00,-44h 48m,138.73,8.5,LIMESTONE /TMILL,17000,INTEROCE/INTEROCE,VARIOUS,12,1.21,4.04,2.62,12.0,"70,000 MT",2,40 MT
M.V. LMZ ARIEL [HAL12501984],2026-03-04 01:00:00,2026-03-09 05:36:00,-124h 36m,229.0,8.5,17957),25103.0,GAC SHIP/TM INTER,TATA STEEL LTD.,8,1.98,3.11,2.54,,,,
M.V. LOCOMOTION [HAL12501782],2026-02-01 21:42:00,2026-02-04 14:54:00,-65h 12m,145.53,6.0,E-CONTAINER,5000,MARINE L/MARINE L,HINDUSTAN PETROL,12,1.96,3.36,2.66,12.0,"70,000 MT",2,40 MT
M.V. LOSONE TOPIC [HAL12500903],2025-09-11 10:54:00,2025-09-12 18:35:00,-31h 41m,82.98,4.5,E-CONTAINER,150/0,MSC AGEN/MSC AGEN,SLOT CHARTERER,9,1.38,3.85,2.62,,,,
M.V. LUCKY JASON [HAL12501989],2026-03-04 08:54:00,2026-03-06 15:15:00,-54h 21m,183.0,8.2,MS (COASTAL),34700.0,V-OCEAN /STEEL AU,TATA STEEL LTD.,4 OFF,1.98,3.11,2.54,,,,
M.V. LUCKY JOY [HAL12500910],2025-09-15 23:48:00,2025-09-18 22:10:00,-70h 22m,225.0,7.82,I-CONTAINER,32000,TM INTER/TM INTER,SHYAM SEL & POWE,8,0.57,6.0,3.29,,,,
M.V. LUCKY JOY [HAL12501436],2025-12-15 10:18:00,2025-12-17 11:50:00,-49h 32m,199.9,8.5,PARAXYLENE,45/5,FAR SHIPPING (IN,SLOT CHARTERER,2 OFF,0.66,5.24,2.95,,,,
M.V. LUMINA [HAL12501255],2025-11-10 00:25:00,2025-11-11 06:06:00,-29h 41m,158.56,7.0,/TMILL,30000,GAC SHIP/GAC SHIP,PERFORM,11,1.29,4.88,3.08,13.5,"80,000 MT",3 RMQCS,40 MT
M.V. MAIA [HAL12501657],2026-01-10 12:12:00,2026-01-13 19:48:00,-79h 36m,175.49,8.5,"(SD/FC-50000,HDC/ISPH",200/0,MSC AGEN/MSC AGEN,SLOT CHARTERER,4A,0.68,5.91,3.3,,,,
M.V. MAKRA [HAL12501136],2025-10-21 19:18:00,2025-11-05 13:00:00,-353h 42m,196.0,8.4,MANGANESE ORE,56500,GAC SHIP/SAKURA L,VARIOUS,2,1.64,3.08,2.36,10.0,45000 MT,2,30 MT
M.V. MANTA KEREM [HAL12500653],2025-07-27 21:54:00,2025-07-28 16:50:00,-18h 56m,114.99,7.9,I-CONTAINER,263/95,MSC AGEN/MSC AGEN,SLOT CHARTERER,11,2.03,3.28,2.66,13.5,"80,000 MT",3 RMQCS,40 MT
M.V. MARCO [HAL12500438],2025-06-22 03:18:00,2025-06-23 12:36:00,-33h 18m,224.9,8.0,COKING COAL / ISPHL,30000,J M BAXI/STEEL AU,STEEL AUTHORITY,12 OFF,1.08,5.34,3.21,,,,
M.V. MARIBLUE [HAL12501090],2025-10-13 00:42:00,2025-10-15 08:45:00,-56h 3m,189.99,8.65,COKING COAL / ISPHL,11000,ATLANTIC/ATLANTIC,HINDUSTAN PETROL,2,0.59,5.35,2.97,10.0,45000 MT,2,30 MT
M.V. MAXWELL [HAL12501526],2025-12-25 09:30:00,2025-12-26 07:18:00,-21h 48m,189.99,7.33,NAPTHA,20263,ATLANTIC/ATLANTIC,NUMALIGARH REFIN,8,0.72,5.1,2.91,,,,
M.V. MILA [HAL12501044],2025-10-13 02:00:00,2025-10-16 09:18:00,-79h 18m,188.8,8.5,at Sagar for Kolkata),10000,TM INTER/TM INTER,TATA STEEL LTD.,13,0.59,5.35,2.97,,,,
M.V. MILOS [HAL12501959],2026-03-03 14:36:00,2026-03-05 16:00:00,-49h 24m,229.0,8.5,"(SD/FC-14500,HDC/MHC-",5000.0,GAC SHIP/TM INTER,BHARAT PETROLEUM,4 OFF,1.75,2.93,2.34,,,,
M.V. MONTANA I [HAL12501528],2025-12-20 22:42:00,2025-12-23 01:48:00,-51h 6m,143.15,5.7,BUTANE,17340,SEA CHHA/SEA CHHA,PETRO CARBON AND,13,1.96,3.06,2.51,,,,
M.V. MSC ALIZEE III [HAL12501467],2025-12-15 15:24:00,2025-12-17 11:00:00,-43h 36m,199.9,8.5,PARAXYLENE,9987,MSC AGENCY (INDI,PATANJ/KANPUR,12,0.66,5.24,2.95,12.0,"70,000 MT",2,40 MT
M.V. MSC DIYA F [HAL12500319R],2025-06-14 12:30:00,2025-06-24 11:20:00,-238h 50m,228.99,8.2,MANGANESE ORE /MHC,3000,SEAPORT /SEAPORT,EMAMI /GOKUL,10,1.47,3.31,2.39,13.5,"80,000 MT",3 RMQCS,40 MT
M.V. MSC DIYA F [HAL12500899],2025-09-11 18:57:00,2025-09-12 06:15:00,-11h 18m,82.98,4.5,I-CONTAINER,98/80,MSC AGENCY (INDI,SLOT CHARTERER,11,1.38,3.85,2.62,13.5,"80,000 MT",3 RMQCS,40 MT
M.V. MSC Falcon III [HAL12500515],2025-07-05 10:30:00,2025-07-06 12:00:00,-25h 30m,228.99,8.5,BUTANE,18000,INTEROCE/INTEROCE,AWL AGRI BUSINES,11,0.73,6.06,3.39,13.5,"80,000 MT",3 RMQCS,40 MT
M.V. MSC PAXI II [HAL12501635],2026-01-11 09:38:00,2026-01-16 02:15:00,-112h 37m,175.0,8.3,CPO,5244,MSC AGENCY (INDI,INDIAN/BHARAT,12 OFF,0.5,6.0,3.25,,,,
M.V. MSC RIONA [HAL12501451],2025-12-14 07:42:00,2025-12-16 00:01:00,-40h 19m,82.0,4.2,34000),350/0,FAR SHIP/FAR SHIP,SLOT CHARTERER,10,0.78,5.98,3.38,13.5,"80,000 MT",3 RMQCS,40 MT
M.V. MSC RIONA [HAL12501607],2026-01-05 07:12:00,2026-01-07 02:45:00,-43h 33m,184.1,8.5,I-CONTAINER,3/0,MSC AGENCY (INDI,SLOT CHARTERER,11,1.79,3.17,2.48,13.5,"80,000 MT",3 RMQCS,40 MT
M.V. MSC TIGER F [HAL12500258],2025-05-27 03:50:00,2025-06-02 18:10:00,-158h 20m,225.0,8.1,HR COIL /TMILL,32000,CROSS OC/STEEL AU,STEEL AUTHORITY,11,,,,13.5,"80,000 MT",3 RMQCS,40 MT
M.V. MSC TIGER F [HAL12500836],2025-09-11 20:45:00,2025-09-12 08:00:00,-11h 15m,154.0,7.0,E-CONTAINER,8550,MSC AGENCY (INDI,PATANJALI FOODS,10,1.38,3.85,2.62,13.5,"80,000 MT",3 RMQCS,40 MT
M.V. MSC TIGER F [HAL12501104],2025-10-16 10:48:00,2025-10-20 12:25:00,-97h 37m,154.51,8.5,E-CONTAINER,21200,INTEROCE/INTEROCE,AWL AG/PATANJ,10,0.45,5.75,3.1,13.5,"80,000 MT",3 RMQCS,40 MT
M.V. MSC TIGER F [HAL12501681],2026-01-15 07:40:00,2026-01-19 02:45:00,-91h 5m,195.09,8.2,PALM OIL (CRUDE),10500,TM INTER/TM INTER,PATANJALI FOODS,9,1.08,4.24,2.66,,,,
M.V. MV JI ZHE 6 [HAL12500942],2025-09-13 02:18:00,2025-09-13 21:15:00,-18h 57m,229.0,8.4,MANGANESE ORE / MHC,372/84,MSC AGENCY (INDI,SLOT CHARTERER,10,0.98,5.28,3.13,13.5,"80,000 MT",3 RMQCS,40 MT
M.V. MYRMIDON [HAL12501621],2026-01-05 01:10:00,2026-01-06 15:40:00,-38h 30m,184.1,8.5,STEAM COAL / MHC,200/0,MSC AGEN/MSC AGEN,SLOT CHARTERER,13,1.79,3.17,2.48,,,,
M.V. MYRSINI [HAL12501574],2025-12-28 04:36:00,2025-12-30 09:48:00,-53h 12m,179.99,8.5,PARAXYLENE,7572,GAC SHIP/GAC SHIP,EMAMI PAPER MILL,BERTH-4A,0.62,6.07,3.34,,,,
M.V. NAGUAL [HAL12500997],2025-10-06 03:25:00,2025-10-07 02:35:00,-23h 10m,229.0,8.2,MS (COASTAL),21802,TM INTER/TM INTER,TATA STEEL LTD.,5,1.91,3.52,2.71,11.5,60000 MT,NA,NA
M.V. NEW GALAXY [HAL12501009],2025-09-29 23:30:00,2025-10-01 18:54:00,-43h 24m,230.0,7.8,BUTANE,11578,INTEROCE/INTEROCE,INDIAN OIL CORPO,8.0,0.73,5.92,3.33,,,,
M.V. NORD KITAN [HAL12500486],2025-07-04 20:30:00,2025-07-06 10:10:00,-37h 40m,229.0,8.4,E-CONTAINER,31698,EVEREADY/EVEREADY,RUNGTA MINES LIM,13,0.52,6.02,3.27,,,,
M.V. NORD UTOPIA [HAL12501016],2025-10-03 20:30:00,2025-10-04 10:42:00,-14h 12m,229.0,8.2,E-CONTAINER,26000,ATLANTIC/ATLANTIC,HALDIA PETROCHEM,2,0.97,5.14,3.05,10.0,45000 MT,2,30 MT
M.V. ODYSSEAS I [HAL12501960],2026-02-24 03:42:00,2026-02-24 07:00:00,-3h 18m,189.99,7.05,PCI COAL / MHC,11040,ATLANTIC/ATLANTIC,INDIAN OIL CORPO,13 OFF,0.59,6.07,3.33,,,,
M.V. PANORAMA [HAL12500924],2025-09-16 13:54:00,2025-09-20 01:54:00,-84h 0m,143.15,8.0,I-CONTAINER,12599,ATLANTIC/ATLANTIC,SAI SULPHONATES,12,0.45,5.92,3.18,12.0,"70,000 MT",2,40 MT
M.V. PLATANOS [HAL12501425],2025-12-06 06:48:00,2025-12-07 16:00:00,-33h 12m,229.0,8.0,BUTANE,11000,ATLANTIC/ATLANTIC,INDIAN OIL CORPO,4A,1.9,3.07,2.48,,,,
M.V. PW ACTION [HAL12501930],2026-02-21 14:55:00,2026-02-23 16:30:00,-49h 35m,158.43,7.0,CPO,450/0,UNIFEEDER AGENCI,SLOT CHARTERER,13,1.24,4.92,3.08,,,,
M.V. QUEEN CORAL [HAL12500445],2025-06-23 00:12:00,2025-06-25 13:00:00,-60h 48m,229.0,8.0,LUBRICATING OIL,9500,ATLANTIC/ATLANTIC,KANPUR EDIBLES P,9 OFF,1.07,4.42,2.74,,,,
M.V. RAPHAEL [HAL12501948],2026-03-04 01:54:00,2026-03-05 11:15:00,-33h 21m,183.0,8.2,METCOKE / MHC,28172.0,INTEROCE/INTEROCE,BHARAT PETROLEUM,3 OFF,1.98,3.11,2.54,,,,
M.V. RGL FIRST [HAL12501970],2026-02-26 02:18:00,2026-02-27 12:00:00,-33h 42m,109.8,6.5,PCI COAL /MHC,27000,BEN LINE/BEN LINE,HALDIA PETROCHEM,4A,0.85,5.78,3.31,,,,
M.V. RGR OKINAWA [HAL12501168],2025-11-04 04:12:00,2025-11-04 23:54:00,-19h 42m,230.0,7.4,BUTANE,17/66,TRANSWORLD GLOBA,SLOT CHARTERER,4B,1.51,3.38,2.44,,,,
M.V. RUI NING 22 [HAL12501111],2025-10-15 20:46:00,2025-10-16 21:30:00,-24h 44m,154.51,8.5,PCI COAL / MHC,87/1,UNIFEEDER AGENCI,SLOT CHARTERER,8,0.55,6.05,3.3,,,,
M.V. RYAN BAY [HAL12501004],2025-09-24 14:24:00,2025-09-25 13:55:00,-23h 31m,99.98,4.5,HSD (COASTAL),61/2,EVERETT (INDIA),SLOT CHARTERER,13,1.74,3.07,2.4,,,,
M.V. SAITA I [HAL12501355],2025-11-24 20:38:00,2025-11-25 15:00:00,-18h 22m,225.28,8.5,BUTANE,33000,TM INTER/STEEL AU,STEEL AUTHORITY,4,1.37,4.3,2.84,,,,
M.V. SEA EMPIRE [HAL12501945],2026-02-23 09:42:00,2026-02-24 17:00:00,-31h 18m,117.27,8.6,I-CONTAINER,3150,SAMUDRA MARINE S,ELECTROSTEEL CAS,3 OFF,0.52,5.7,3.11,,,,
M.V. SEA PEARL [HAL12501800],2026-02-01 16:18:00,2026-02-02 15:10:00,-22h 52m,145.5,8.65,CPO,21599,INTEROCE/INTEROCE,VARIOUS,3,1.96,3.36,2.66,10.0,45000 MT,2,30 MT
M.V. SEA PLAIN 8 [HAL12501057],2025-10-21 21:45:00,2025-10-23 16:40:00,-42h 55m,143.15,8.3,CDSBO,120/0,EVERETT (INDIA),SLOT CHARTERER,12,1.64,3.08,2.36,12.0,"70,000 MT",2,40 MT
M.V. SEAGLASS II [HAL12500468],2025-06-25 03:15:00,2025-06-25 17:55:00,-14h 40m,147.8,8.5,COAL TAR PITCH,11733,ATLANTIC/ATLANTIC,INDIAN/BHARAT,9(S),1.74,3.41,2.57,,,,
M.V. SELINA H [HAL12501638],2026-01-08 02:45:00,2026-01-09 06:30:00,-27h 45m,138.73,8.5,CDSBO,24500,BEN LINE/SEAHORSE,VARIOUS,8,1.0,4.77,2.89,,,,
M.V. SITC CAGAYAN [HAL12501470],2025-12-21 00:12:00,2025-12-23 04:15:00,-52h 3m,128.6,8.8,CPO,530/0,EASTERN /EASTERN,RESOURCES,11,2.0,3.26,2.63,13.5,"80,000 MT",3 RMQCS,40 MT
M.V. SITC CEBU [HAL12501620],2026-01-13 23:45:00,2026-01-18 00:45:00,-97h 0m,182.99,8.2,CDSBO,530/0,ATLANTIC/ATLANTIC,SLOT CHARTERER,10,0.85,5.72,3.28,13.5,"80,000 MT",3 RMQCS,40 MT
M.V. SITC RUIDE [HAL12500912],2025-09-19 05:15:00,2025-09-20 04:00:00,-22h 45m,142.7,8.2,COKING COAL / MHC,7000,J M BAXI/J M BAXI,MCPI PRIVATE LIM,10,1.0,4.53,2.77,13.5,"80,000 MT",3 RMQCS,40 MT
M.V. SITC SHEKOU [HAL12501091],2025-10-15 22:18:00,2025-10-16 11:45:00,-13h 27m,183.06,8.2,E-CONTAINER,11161,INTEROCE/INTEROCE,INDIAN OIL CORPO,11,0.55,6.05,3.3,13.5,"80,000 MT",3 RMQCS,40 MT
M.V. SITC SHUNDE [HAL12500290],2025-06-03 06:06:00,2025-06-03 09:15:00,-3h 9m,225.0,8.0,PROPANE,32000,SPARTANS/STEEL AU,STEEL AUTHORITY,10,0.56,5.52,3.04,13.5,"80,000 MT",3 RMQCS,40 MT
M.V. SKIATHOS [HAL12500916],2025-09-11 19:18:00,2025-09-14 04:12:00,-56h 54m,82.98,4.5,AMMONIA ANHYDROUS,1/0,MSC AGENCY (INDI,SLOT CHARTERER,13,1.38,3.85,2.62,,,,
M.V. SOL FORTUNE [HAL12501315],2025-11-22 05:36:00,2025-11-27 19:45:00,-134h 9m,149.0,8.5,METHYL TERT BUTYL,8081,PHAROS S/PHAROS S,HALDIA PETROCHEM,10,1.82,3.24,2.53,13.5,"80,000 MT",3 RMQCS,40 MT
M.V. SOL PIONEER [HAL12500566],2025-07-20 16:48:00,2025-07-22 16:00:00,-47h 12m,149.6,6.5,PCI COAL /MHC,300/0,SAMSARA SHIPPING,SLOT CHARTERER,10,0.6,5.8,3.2,13.5,"80,000 MT",3 RMQCS,40 MT
M.V. SOL PIONEER [HAL12500991],2025-09-27 06:36:00,2025-10-05 11:00:00,-196h 24m,189.99,8.4,CPO,26000,BEN LINE/BEN LINE,HALDIA PETROCHEM,11,1.18,4.86,3.02,13.5,"80,000 MT",3 RMQCS,40 MT
M.V. SOL PIONEER [HAL12501496],2025-12-26 21:54:00,2025-12-28 19:00:00,-45h 6m,175.49,8.5,I-CONTAINER,12200,ATLANTIC/ATLANTIC,HINDUSTAN PETROL,11.0,0.8,5.88,3.34,,,,
M.V. SOL PIONEER [HAL12501623],2026-01-11 12:12:00,2026-01-14 12:45:00,-72h 33m,230.07,8.2,E-CONTAINER,8400,ATLANTIC/ATLANTIC,INDIAN/BHARAT,10,0.5,6.0,3.25,13.5,"80,000 MT",3 RMQCS,40 MT
M.V. SOL PIONEER [HAL12501777],2026-02-05 06:48:00,2026-02-09 18:15:00,-107h 27m,166.23,7.0,STOCK,22/12,MSC AGEN/MSC AGEN,SLOT CHARTERER,10,1.35,3.83,2.59,13.5,"80,000 MT",3 RMQCS,40 MT
M.V. SOL PURPOSE [HAL12501258],2025-11-18 18:30:00,2025-11-19 14:30:00,-20h 0m,199.99,8.29,BUTANE,4000,INTEROCE/INTEROCE,VARIOUS,10,1.58,4.01,2.8,13.5,"80,000 MT",3 RMQCS,40 MT
M.V. SOL PURPOSE [HAL12501567],2026-01-02 14:30:00,2026-01-04 13:45:00,-47h 15m,138.73,8.5,CPO,30000,TRANSWORLD GLOBA,TATA INTERNATION,9 OFF,1.85,3.59,2.72,,,,
M.V. SOL STRIDE [HAL12500664],2025-07-28 09:30:00,2025-08-04 23:30:00,-182h 0m,99.95,5.0,CPO,36029,BOTHRA S/BOTHRA S,ELECTROSTEEL CAS,9 OFF,1.73,3.5,2.61,,,,
M.V. SOL STRIDE [HAL12500938],2025-09-07 08:30:00,2025-09-16 07:00:00,-214h 30m,225.0,7.82,PROPANE,70/0,R,SLOT CHARTERER,11,1.66,3.05,2.36,13.5,"80,000 MT",3 RMQCS,40 MT
M.V. SOL STRIDE [HAL12501238],2025-11-17 01:35:00,2025-11-18 17:00:00,-39h 25m,225.28,8.5,I-CONTAINER,11200,INTEROCE/INTEROCE,VARIOUS,10,1.25,4.59,2.92,13.5,"80,000 MT",3 RMQCS,40 MT
M.V. SOL STRIDE [HAL12501481],2025-12-24 04:18:00,2025-12-27 05:50:00,-73h 32m,228.99,8.5,E-CONTAINER,200/0,MSC AGEN/MSC AGEN,SLOT CHARTERER,10,1.08,4.56,2.82,13.5,"80,000 MT",3 RMQCS,40 MT
M.V. SOL STRIDE [HAL12501617],2026-01-10 08:30:00,2026-01-15 14:30:00,-126h 0m,149.6,6.5,E-CONTAINER,78/68,TRANSWORLD GLOBA,SLOT CHARTERER,10,0.68,5.91,3.3,13.5,"80,000 MT",3 RMQCS,40 MT
M.V. SPAR CORVUS [HAL12500473],2025-06-28 16:50:00,2025-06-30 17:30:00,-48h 40m,115.33,8.4,/TMILL,11003,TM INTER/TM INTER,MCPI PRIVATE LIM,12,1.99,3.41,2.7,12.0,"70,000 MT",2,40 MT
M.V. SPAR MIRA [HAL12501902],2026-02-24 04:18:00,2026-02-27 09:54:00,-77h 36m,199.9,8.1,PROPANE,32587,GAC SHIP/STEEL AU,BHARAT PETROLEUM,13,0.59,6.07,3.33,,,,
M.V. STAR TRADER [HAL12500323],2025-06-01 17:50:00,2025-06-02 16:24:00,-22h 34m,184.95,8.5,EQUIPMENT &,9891,J M BAXI/J M BAXI,VARIOUS,8,1.1,4.4,2.75,,,,
M.V. STELLA NAVIS [HAL12501499],2025-12-13 00:26:00,2025-12-17 00:48:00,-96h 22m,228.9,14.43,MANGANESE ORE / MHC,0/2,R,SLOT CHARTERER,2,0.65,6.14,3.39,10.0,45000 MT,2,30 MT
M.V. STRIGGLA [HAL12500914],2025-09-14 05:36:00,2025-09-18 10:06:00,-100h 30m,229.0,8.4,E-CONTAINER,30000,TM INTER/TM INTER,TATA STEEL LTD.,13,0.51,5.53,3.02,,,,
M.V. SUBRA [HAL12501846],2026-02-10 21:30:00,2026-02-11 20:45:00,-23h 15m,143.15,7.5,BUTANE,28500,TM INTER/TM INTER,TATA STEEL LTD.,8,0.62,6.09,3.35,,,,
M.V. TAI KNIGHT [HAL12501257],2025-11-06 13:48:00,2025-11-07 15:18:00,-25h 30m,176.91,8.5,I-CONTAINER,28100,SEATRANS/SEATRANS,HINDUSTAN PETROL,13,1.85,2.95,2.4,,,,
M.V. TEAM BRAVO [HAL12501684],2026-01-09 23:45:00,2026-01-13 21:48:00,-94h 3m,144.01,8.0,MANGANESE ORE,7350,SEAPORT /SEAPORT,VARIOUS,9,0.85,5.47,3.16,,,,
M.V. TIGER EAST [HAL12500690],2025-08-06 00:30:00,2025-08-10 01:06:00,-96h 36m,225.0,9.5,I-CONTAINER,33000,INTEROCE/STEEL AU,STEEL AUTHORITY,13,1.09,4.53,2.81,,,,
M.V. TONG YING [HAL12500359],2025-06-12 21:18:00,2025-06-13 17:24:00,-20h 6m,139.98,7.8,LIMESTONE / MHC,27000,SEATRANS/STEEL AU,STEEL AUTHORITY,2,1.81,2.91,2.36,10.0,45000 MT,2,30 MT
M.V. TRADER [HAL12500410R],2025-06-28 00:01:00,2025-06-30 19:25:00,-67h 24m,115.33,8.4,UREA (440000 BAGS),32500,TM INTER/TM INTER,HALDIA PETROCHEM,10,1.99,3.41,2.7,13.5,"80,000 MT",3 RMQCS,40 MT
M.V. TURBO S [HAL12501378],2025-11-25 03:30:00,2025-11-27 05:18:00,-49h 48m,108.22,8.6,SILICO MANGANESE /,5000,EVERETT (INDIA),RESOURCES,7,0.92,4.78,2.85,11.5,"60,000 MT",NA,NA
M.V. UNITY MARIA [HAL12500430],2025-06-25 21:12:00,2025-06-26 13:55:00,-16h 43m,177.4,8.0,MANGANESE ORE,200/0,MSC AGEN/MSC AGEN,VARIOUS,2,1.74,3.41,2.57,10.0,45000 MT,2,30 MT
M.V. USUKI [HAL12501885],2026-02-17 00:12:00,2026-02-20 05:18:00,-77h 6m,145.5,8.6,BUTADIENE,79490,TM INTER/NETINCON,STEEL AUTHORITY,5,1.76,2.86,2.31,11.5,60000 MT,NA,NA
M.V. VAN INFINITY [HAL12501014],2025-10-08 08:30:00,2025-10-11 02:42:00,-66h 12m,82.98,4.5,AMMONIA ANHYDROUS,38/19,TRANSWORLD GLOBA,SLOT CHARTERER,13,1.93,3.06,2.5,,,,
M.V. VASSOS [HAL12500929],2025-09-14 01:20:00,2025-09-16 10:20:00,-57h 0m,229.0,8.4,STEAM COAL / MHC,4/50,TRANSWORLD GLOBA,SLOT CHARTERER,12,0.51,5.53,3.02,12.0,"70,000 MT",2,40 MT
M.V. VELA [HAL12500980],2025-09-29 02:36:00,2025-10-02 10:06:00,-79h 30m,229.9,8.3,MS (COASTAL),10820,ATLANTIC/ATLANTIC,BHARAT PETROLEUM,2,0.73,5.92,3.33,10.0,45000 MT,2,30 MT
M.V. VELSHEDA [HAL12500939],2025-09-15 23:48:00,2025-09-17 11:00:00,-35h 12m,225.0,7.82,PHOSPHORIC ACID,31840,R,TATA STEEL LTD.,2,0.57,6.0,3.29,10.0,45000 MT,2,30 MT
M.V. VERA LONDON [HAL12501409],2025-11-30 15:50:00,2025-12-02 00:30:00,-32h 40m,224.94,8.37,BUTANE,10904,ATLANTIC/ATLANTIC,HINDUSTAN PETROL,9,0.9,5.69,3.3,,,,
M.V. VISHVA UDAY [HAL12500964],2025-09-17 09:30:00,2025-09-18 23:42:00,-38h 12m,158.56,7.0,PROPANE,5500,EMINENCE SHIPPIN,INDIAN OIL CORPO,2,0.43,5.53,2.98,10.0,45000 MT,2,30 MT
M.V. VISHVA VIJAY [HAL12500452],2025-06-23 16:24:00,2025-06-24 22:30:00,-30h 6m,189.99,8.4,COKING COAL / MHC,30000,CROSS OC/STEEL AU,EMAMI PAPER MILL,2 OFF,1.07,4.42,2.74,,,,
M.V. VISHVA VINAY [HAL12501993],2026-02-28 20:42:00,2026-03-01 23:30:00,-26h 48m,228.99,8.5,CPO,1600,ATLANTIC/ATLANTIC,INDIAN OIL CORPO,2,1.13,4.39,2.76,10.0,45000 MT,2,30 MT
M.V. W ARCTURUS [HAL12501120],2025-10-13 07:00:00,2025-10-15 07:06:00,-48h 6m,224.94,8.3,BUTANE,11012,SEAPORT /SEAPORT,GOKUL /PATANJ/R.,4A,0.59,5.35,2.97,,,,
M.V. W EMERALD [HAL12501679],2026-01-14 21:42:00,2026-01-15 22:42:00,-25h 0m,224.86,14.69,MANGANESE ORE / MHC,3000,BOTHRA S/BOTHRA S,TATA STEEL LTD.,12,1.15,5.23,3.19,12.0,"70,000 MT",2,40 MT
M.V. W PACIFIC [HAL12501632],2026-01-08 18:10:00,2026-01-11 05:40:00,-59h 30m,179.93,7.0,LUBE OIL (COASTAL),150/0,PIL (INDIA) PRIV,SLOT CHARTERER,8,1.0,4.77,2.89,,,,
M.V. YAESU [HAL12500699],2025-08-01 22:54:00,2025-08-02 18:48:00,-19h 54m,197.0,8.0,BENZENE,144/13,EASTERN LINER SH,SLOT CHARTERER,2,0.54,5.62,3.08,10.0,45000 MT,2,30 MT
M.V. YANGZE 22 [HAL12501201],2025-10-29 04:42:00,2025-10-29 17:18:00,-12h 36m,132.0,7.8,PROPANE,10791,ATLANTIC/ATLANTIC,INDIAN OIL CORPO,8,0.48,5.89,3.18,,,,
M.V. YASA ILHAN [HAL12501668],2026-01-14 15:30:00,2026-01-15 10:48:00,-19h 18m,224.86,14.69,PROPANE,6020,ATLANTIC/ATLANTIC,HINDUSTAN PETROL,8,1.15,5.23,3.19,,,,
M.V. YASA PLUTO [HAL12501931],2026-02-26 07:18:00,2026-03-01 00:45:00,-65h 27m,229.0,8.5,BUTANE,30000,SAMSARA /TM INTER,SLOT CHARTERER,9,0.85,5.78,3.31,,,,
M.V. YU LONG LING [HAL12500519],2025-07-09 06:00:00,2025-07-09 13:15:00,-7h 15m,189.99,9.3,COKING COAL / MHC,28940,ATLANTIC/SEATRANS,CARBON RESOURCES,12,1.47,3.65,2.56,12.0,"70,000 MT",2,40 MT
M.V. ZAGREB [HAL12500577],2025-07-11 20:36:00,2025-07-12 06:30:00,-9h 54m,158.93,7.6,LIMESTONE /MHC,250/0,SEAPORT /SEAPORT,RESOURCES,13,1.71,2.85,2.28,,,,
